Source File	Size	loadResources	load	generateSnapshots	load-configure	scan	loadDepInfo	loadInfo	checkR4R4B	generateNarratives	validate	loadLists	checkConformanceResources	checkConformanceResources2	checkConformanceResources3	generateLogicalMaps	validateExpressions	scanForUsageStats	checkURLsUnique	processProvenanceDetails	generate1	generate2	generateLogicals	makeDependencies	generateExampleZip	generateValidationPack	scanProfilesForR5	scanExamplesForR5
/fsh-generated/resources/ImplementationGuide-ans.fr.nos.json	142521	-	0	0	0	0	0	0	9	280	0	0	0	0	0	0	0	3	0	0	457	612	0	0	0	30	0	2
input/NOS/JDV_J01-XdsAuthorSpecialty-CISIS-FHIR.json	137261	12	0	0	0	0	1	0	8	149	0	0	0	0	0	0	0	1	0	0	197	2417	0	1	0	11	0	2
input/NOS/JDV_J02-XdsHealthcareFacilityTypeCode-CISIS-FHIR.json	24179	3	0	0	0	0	0	0	1	17	0	0	0	0	0	0	0	0	0	0	39	166	0	0	0	2	0	0
input/NOS/JDV_J03-XdsContentTypeCode-CISIS-FHIR.json	34727	4	0	0	0	0	0	0	2	20	0	0	0	0	0	0	0	0	0	0	52	204	0	0	0	1	0	1
input/NOS/JDV_J04-XdsPracticeSettingCode-CISIS-FHIR.json	4977	3	0	0	0	0	0	0	0	8	0	0	0	0	0	0	0	1	0	0	17	72	0	0	0	0	0	0
input/NOS/JDV_J05-SubjectRole-CISIS-FHIR.json	149463	8	0	0	0	0	0	0	4	67	0	0	0	0	0	0	0	0	0	0	201	791	0	0	0	9	0	0
input/NOS/JDV_J06-XdsClassCode-CISIS-FHIR.json	5153	2	0	0	0	0	0	0	0	12	0	0	0	0	0	0	0	0	0	0	24	65	0	0	0	1	0	0
input/NOS/JDV_J07-XdsTypeCode-CISIS-FHIR.json	39417	4	0	0	0	0	0	0	1	181	0	0	0	0	0	0	0	0	0	0	72	653	0	0	0	1	0	0
input/NOS/JDV_J08-XdsConfidentialityCode-CISIS-FHIR.json	3066	2	0	0	0	0	0	0	0	8	0	0	0	0	0	0	0	1	0	0	18	52	0	0	0	1	0	0
input/NOS/JDV_J10-XdsFormatCode-CISIS-FHIR.json	24996	2	0	0	0	0	0	0	1	27	0	0	0	0	0	0	0	0	0	0	61	148	0	0	0	1	0	0
input/NOS/JDV_J100-FinessStatutJuridique-RASS-FHIR.json	27622	3	0	0	0	0	0	0	1	26	0	0	0	0	0	0	0	0	0	0	58	165	0	0	0	1	0	1
input/NOS/JDV_J101-SecteurActivite-RASS-FHIR.json	22975	3	0	0	0	0	0	0	0	22	0	0	0	0	0	0	0	0	0	0	45	150	0	0	0	1	0	0
input/NOS/JDV_J103-TypeVoie-RASS-FHIR.json	56784	4	0	0	0	0	0	0	2	25	0	0	0	0	0	0	0	0	0	0	63	492	0	0	0	2	0	0
input/NOS/JDV_J104-TypeIdentifiantStructure-RASS-FHIR.json	2468	2	0	0	0	0	0	0	0	7	0	0	0	0	0	0	0	0	0	0	16	49	0	0	0	0	0	0
input/NOS/JDV_J105-EnsembleDiplome-RASS-FHIR.json	267045	12	0	0	0	0	0	0	7	105	0	0	0	0	0	0	0	2	0	0	372	1427	0	0	0	16	0	1
input/NOS/JDV_J106-EnsembleProfession-RASS-FHIR.json	16285	3	0	0	0	0	0	0	1	23	0	0	0	0	0	0	0	0	0	0	26	113	0	0	0	0	0	0
input/NOS/JDV_J107-EnsembleSavoirFaire-RASS-FHIR.json	90807	5	0	0	0	0	0	0	2	36	0	0	0	0	0	0	0	0	0	0	114	508	0	0	0	5	0	0
input/NOS/JDV_J108-EnsembleFonction-RASS-FHIR.json	28468	3	0	0	0	0	0	0	1	16	0	0	0	0	0	0	0	0	0	0	45	165	0	0	0	1	0	0
input/NOS/JDV_J11-RelationPatient-CISIS-FHIR.json	12731	2	0	0	0	0	0	0	0	9	0	0	0	0	0	0	0	0	0	0	22	98	0	0	0	1	0	0
input/NOS/JDV_J110-StatutVisibiliteDocument-CISIS-FHIR.json	2721	2	0	0	0	0	0	0	0	6	0	0	0	0	0	0	0	0	0	0	12	35	0	0	0	0	0	0
input/NOS/JDV_J111-StatutEtatCivil-ENREG-FHIR.json	3487	1	0	0	0	0	0	0	0	6	0	0	0	0	0	0	0	0	0	0	13	51	0	0	0	0	0	0
input/NOS/JDV_J112-SexeAdministratif-ENREG-FHIR.json	1488	2	0	0	1	0	0	0	0	5	0	0	0	0	0	0	0	0	0	0	9	36	0	0	0	0	0	1
input/NOS/JDV_J113-Civilite-ENREG-FHIR.json	1433	2	0	0	0	0	0	0	1	6	0	0	0	0	0	0	0	0	0	0	9	42	0	0	0	0	0	0
input/NOS/JDV_J114-Pays-ENREG-FHIR.json	66291	4	0	0	0	0	0	0	1	24	0	0	0	0	0	0	0	1	0	0	68	67	0	0	0	3	0	0
input/NOS/JDV_J115-Langue-ENREG-FHIR.json	57704	4	0	0	0	0	0	0	2	22	0	0	0	0	0	0	0	0	0	0	59	344	0	0	0	2	0	0
input/NOS/JDV_J116-GenreActivite-ENREG-FHIR.json	3657	2	0	0	0	0	0	0	0	6	0	0	0	0	0	0	0	0	0	0	13	52	0	0	0	0	0	0
input/NOS/JDV_J117-ModeExercice-ENREG-FHIR.json	1807	2	0	0	0	0	0	0	0	5	0	0	0	0	0	0	0	0	0	0	11	37	0	0	0	1	0	0
input/NOS/JDV_J118-CategorieProfessionnelle-ENREG-FHIR.json	2164	1	0	0	0	0	0	0	0	3	0	0	0	0	0	0	0	0	0	0	12	40	0	0	0	0	0	0
input/NOS/JDV_J119-TypeActiviteLiberale-ENREG-FHIR.json	2873	2	0	0	0	0	0	0	1	3	0	0	0	0	0	0	0	0	0	0	11	41	0	0	0	0	0	0
input/NOS/JDV_J121-RolePriseCharge-ENREG-FHIR.json	19182	3	0	0	0	0	0	0	0	6	0	0	0	0	0	0	0	0	0	0	33	121	0	0	0	1	0	0
input/NOS/JDV_J122-Profession-ENREG-FHIR.json	1374	1	0	0	0	0	0	1	0	3	0	0	0	0	0	0	0	0	0	0	10	32	0	0	0	0	0	0
input/NOS/JDV_J123-Pays-MDPH-FHIR.json	66798	4	0	0	0	0	0	0	2	15	0	0	0	0	0	0	0	1	0	0	70	68	0	0	0	2	0	0
input/NOS/JDV_J125-MotifRejet-ENREG-FHIR.json	1911	2	0	0	1	0	0	0	0	3	0	0	0	0	0	0	0	0	0	0	10	36	0	0	0	1	0	0
input/NOS/JDV_J126-SecteurActivite-ENREG-FHIR.json	11438	2	0	0	0	0	0	0	0	4	0	0	0	0	0	0	0	0	0	0	22	82	0	0	0	0	0	1
input/NOS/JDV_J127-StatutJuridique-ENREG-FHIR.json	20433	3	0	0	0	0	0	0	1	7	0	0	0	0	0	0	0	0	0	0	31	124	0	0	0	1	0	0
input/NOS/JDV_J128-TypeCarte-RASS-FHIR.json	2214	2	0	0	0	0	0	0	0	3	0	0	0	0	0	0	0	0	0	0	11	27	0	0	0	0	0	0
input/NOS/JDV_J129-CategorieEtablissement-RASS-FHIR.json	104924	5	0	0	0	0	0	0	3	21	0	0	0	0	0	0	0	0	0	0	132	619	0	0	0	6	0	0
input/NOS/JDV_J13-ResponsableConsent-CISIS-FHIR.json	8409	2	0	0	0	0	0	0	0	7	0	0	0	0	0	0	0	0	0	0	19	83	0	0	0	0	0	0
input/NOS/JDV_J130-CNAMAmeliSecteurConventionnement-RASS-FHIR.json	2311	2	0	0	0	0	0	0	0	3	0	0	0	0	0	0	0	0	0	0	10	39	0	0	0	0	0	0
input/NOS/JDV_J131-CategorieActiviteSanitaireRegulee-RASS-FHIR.json	2044	1	0	0	0	0	0	0	0	3	0	0	0	0	0	0	0	1	0	0	11	37	0	0	0	0	0	0
input/NOS/JDV_J132-ModaliteActivite-RASS-FHIR.json	62186	4	0	0	0	0	0	0	2	23	0	0	0	0	0	0	0	0	0	0	79	365	0	0	0	3	0	0
input/NOS/JDV_J133-ActiviteSanitaireRegulee-RASS-FHIR.json	23156	3	0	0	0	0	0	0	1	7	0	0	0	0	0	0	0	0	0	0	35	163	0	0	0	1	0	0
input/NOS/JDV_J134-FormeActivite-RASS-FHIR.json	14118	2	0	0	0	0	0	0	0	6	0	0	0	0	0	0	0	0	0	0	26	110	0	0	0	1	0	0
input/NOS/JDV_J135-EquipementMaterielLourd-RASS-FHIR.json	3651	2	0	0	0	0	0	0	0	3	0	0	0	0	0	0	0	0	0	0	19	41	0	0	0	0	0	0
input/NOS/JDV_J136-DisciplineEquipementSocial-RASS-FHIR.json	31805	3	0	0	1	0	0	0	1	8	0	0	0	0	0	0	0	0	0	0	52	155	0	0	0	1	0	1
input/NOS/JDV_J137-Clientele-RASS-FHIR.json	28050	2	0	0	0	0	0	0	1	81	0	0	0	0	0	0	0	0	0	0	37	160	0	0	0	1	0	0
input/NOS/JDV_J138-TypeActivite-RASS-FHIR.json	14659	2	0	0	0	0	0	0	0	10	0	0	0	0	0	0	0	0	0	0	24	97	0	0	0	1	0	0
input/NOS/JDV_J139-TypeBAL-RASS-FHIR.json	2146	2	0	0	0	0	0	0	0	6	0	0	0	0	0	0	0	0	0	0	12	37	0	0	0	0	0	0
input/NOS/JDV_J14-QualiteRepresentantLegal-CISIS-FHIR.json	14656	2	0	0	0	0	0	0	1	8	0	0	0	0	0	0	0	1	0	0	23	98	0	0	0	0	0	0
input/NOS/JDV_J140-EncounterParticipationType-CISIS-FHIR.json	2881	2	0	0	0	0	0	0	0	6	0	0	0	0	0	0	0	0	0	0	10	38	0	0	0	1	0	0
input/NOS/JDV_J141-RoleClass-CISIS-FHIR.json	1510	2	0	0	0	0	0	0	0	5	0	0	0	0	0	0	0	0	0	0	9	31	0	0	0	0	0	0
input/NOS/JDV_J142-TypeRencontre-CISIS-FHIR.json	3763	2	0	0	0	0	0	0	0	7	0	0	0	0	0	0	0	0	0	0	13	46	0	0	0	0	0	0
input/NOS/JDV_J143-AdministrativeGender-CISIS-FHIR.json	1825	1	0	0	0	0	0	0	0	5	0	0	0	0	0	0	0	0	0	0	9	27	0	0	0	0	0	0
input/NOS/JDV_J144-ParticipationType-CISIS-FHIR.json	3115	2	0	0	0	0	0	0	0	6	0	0	0	0	0	0	0	0	0	0	11	36	0	0	0	0	0	0
input/NOS/JDV_J145-MethodBodyWeight-ENS-FHIR.json	1183	2	0	0	0	0	0	0	0	390	0	0	0	0	0	0	0	0	0	0	10	207	0	0	0	1	0	0
input/NOS/JDV_J146-MethodBodyHeight-ENS-FHIR.json	1914	2	0	0	0	0	0	0	0	583	0	0	0	0	0	0	0	0	0	0	11	309	0	0	0	0	0	0
input/NOS/JDV_J147-MethodHeartrate-ENS-FHIR.json	2581	1	0	0	1	0	0	0	0	361	0	0	0	0	0	0	0	0	0	0	10	450	0	0	0	0	0	0
input/NOS/JDV_J148-ReferenceRangeAppliesTo-CISIS-FHIR.json	2024	2	0	0	0	0	0	0	0	91	0	0	0	0	0	0	0	0	0	0	12	22	0	0	0	0	0	0
input/NOS/JDV_J149-BodySiteBP-ENS-FHIR.json	1451	2	0	0	0	0	0	0	0	92	0	0	0	0	0	0	0	0	0	0	10	112	0	0	0	0	0	0
input/NOS/JDV_J15-ClasseAge-ROR-FHIR.json	3361	2	0	0	0	0	0	0	0	4	0	0	0	0	0	0	0	0	0	0	13	43	0	0	0	0	0	0
input/NOS/JDV_J150-MethodBP-ENS-FHIR.json	2192	2	0	0	0	0	0	0	0	313	0	0	0	0	0	0	0	0	0	0	9	183	0	0	0	1	0	0
input/NOS/JDV_J152-MethodBodyTemperature-ENS-FHIR.json	1550	1	0	0	0	0	0	0	0	156	0	0	0	0	0	0	0	0	0	0	10	164	0	0	0	0	0	0
input/NOS/JDV_J154-TypeGlucose-ENS-FHIR.json	2227	2	0	0	0	0	0	0	0	543	0	0	0	0	0	0	0	0	0	0	11	241	0	0	0	0	0	0
input/NOS/JDV_J155-MethodGlucoseSanguin-ENS-FHIR.json	1666	2	0	0	0	0	0	0	0	377	0	0	0	0	0	0	0	0	0	0	10	444	0	0	0	0	0	0
input/NOS/JDV_J156-MethodGlucoseInterstitiel-ENS-FHIR.json	1245	2	0	0	0	0	0	0	1	143	0	0	0	0	0	0	0	0	0	0	11	183	0	0	0	0	0	0
input/NOS/JDV_J157-MomentGlucose-ENS-FHIR.json	2870	1	0	0	0	0	0	0	0	220	0	0	0	0	0	0	0	0	0	0	11	265	0	0	0	0	0	0
input/NOS/JDV_J158-MethodStepsByDay-ENS-FHIR.json	1914	2	0	0	0	0	0	0	0	147	0	0	0	0	0	0	0	0	0	0	10	163	0	0	0	0	0	0
input/NOS/JDV_J159-MethodPainSeverity-ENS-FHIR.json	1875	2	0	0	0	0	0	0	0	216	0	0	0	0	0	0	0	0	0	0	10	254	0	0	0	1	0	0
input/NOS/JDV_J16-ActeSpecifique-ROR-FHIR.json	393640	16	0	0	0	0	0	0	6	157	0	0	0	0	0	0	0	2	0	0	510	1934	0	0	0	26	0	1
input/NOS/JDV_J161-Lateralite-CISIS-FHIR.json	2069	2	0	0	0	0	0	0	0	80	0	0	0	0	0	0	0	0	0	0	11	111	0	0	0	1	0	0
input/NOS/JDV_J162-ESPIC-RASS-FHIR.json	3794	2	0	0	1	0	0	0	0	4	0	0	0	0	0	0	0	0	0	0	12	39	0	0	0	0	0	0
input/NOS/JDV_J163-GlucoseUnits-ENS-FHIR.json	1501	2	0	0	0	0	0	0	1	91	0	0	0	0	0	0	0	0	0	0	9	109	0	0	0	0	0	0
input/NOS/JDV_J164-GlucoseNumberOfDays-ENS-FHIR.json	2564	1	0	0	0	0	0	0	0	143	0	0	0	0	0	0	0	0	0	0	10	337	0	0	0	0	0	0
input/NOS/JDV_J165-TypeCreneau-SAS-FHIR.json	2423	2	0	0	0	0	0	0	0	3	0	0	0	0	0	0	0	0	0	0	13	28	0	0	0	1	0	0
input/NOS/JDV_J166-Profession-EPARS-FHIR.json	8179	2	0	0	0	0	0	0	0	5	0	0	0	0	0	0	0	0	0	0	17	70	0	0	0	0	0	1
input/NOS/JDV_J167-DepartementOM-EPARS-FHIR.json	34581	3	0	0	0	0	0	0	0	13	0	0	0	0	0	0	0	0	0	0	43	29	0	0	0	1	0	0
input/NOS/JDV_J168-Pays-EPARS-FHIR.json	69026	4	0	0	0	0	0	0	2	17	0	0	0	0	0	0	0	0	0	0	75	37	0	0	0	3	0	0
input/NOS/JDV_J169-MotifFinActivite-EPARS-FHIR.json	3756	2	0	0	0	0	0	0	0	3	0	0	0	0	0	0	0	0	0	0	12	41	0	0	0	0	0	0
input/NOS/JDV_J17-ActiviteOperationnelle-ROR-FHIR.json	168615	8	0	0	0	0	0	0	3	43	0	0	0	0	0	0	0	1	0	0	246	1109	0	0	0	12	0	1
input/NOS/JDV_J170-AutoriteEnregistrement-EPARS-FHIR.json	7129	2	0	0	0	0	0	0	0	5	0	0	0	0	0	0	0	0	0	0	16	60	0	1	0	1	0	0
input/NOS/JDV_J171-TypeAutorisation-EPARS-FHIR.json	8560	2	0	0	0	0	0	0	0	4	0	0	0	0	0	0	0	0	0	0	19	94	0	0	0	0	0	0
input/NOS/JDV_J172-SecteurActivite-EPARS-FHIR.json	21970	2	0	0	0	0	0	0	0	7	0	0	0	0	0	0	0	0	0	0	38	161	0	0	0	1	0	0
input/NOS/JDV_J173-FinessStatutJuridique-EPARS-FHIR.json	27612	3	0	0	0	0	0	0	1	7	0	0	0	0	0	0	0	1	0	0	40	215	0	0	0	1	0	0
input/NOS/JDV_J176-SituationVieQuotidienne-MDPH-FHIR.json	2678	1	0	0	0	0	0	0	0	4	0	0	0	0	0	0	0	0	0	0	12	29	0	0	0	1	0	0
input/NOS/JDV_J177-BesoinAideMobilite-MDPH-FHIR.json	3369	2	0	0	1	0	0	0	0	4	0	0	0	0	0	0	0	0	0	0	13	33	0	0	0	0	0	0
input/NOS/JDV_J178-BesoinAideVieSociale-MDPH-FHIR.json	3370	2	0	0	0	0	0	0	0	3	0	0	0	0	0	0	0	0	0	0	14	44	0	0	0	0	0	0
input/NOS/JDV_J179-BesoinCommunication-MDPH-FHIR.json	2415	2	0	0	0	0	0	0	0	3	0	0	0	0	0	0	0	0	0	0	13	27	0	0	0	0	0	0
input/NOS/JDV_J18-EquipementSpecifique-ROR-FHIR.json	51681	3	0	0	0	0	0	0	1	13	0	0	0	0	0	0	0	0	0	0	66	368	0	0	0	3	0	0
input/NOS/JDV_J180-BesoinEntretienPersonnel-MDPH-FHIR.json	2756	2	0	0	0	0	0	0	0	4	0	0	0	0	0	0	0	0	0	0	12	36	0	0	0	0	0	0
input/NOS/JDV_J181-BesoinMobilite-MDPH-FHIR.json	2431	2	0	0	0	0	0	0	0	3	0	0	0	0	0	0	0	0	0	0	12	40	0	0	0	0	0	0
input/NOS/JDV_J182-BesoinScolarite-MDPH-FHIR.json	3367	2	0	0	0	0	0	0	0	3	0	0	0	0	0	0	0	0	0	0	12	41	0	0	0	0	0	0
input/NOS/JDV_J183-Diplome-EPARS-FHIR.json	27683	2	0	0	0	0	0	0	1	16	0	0	0	0	0	0	0	0	0	0	56	166	0	0	0	2	0	0
input/NOS/JDV_J185-TypeFermeture-ROR-FHIR.json	1513	2	0	0	0	0	0	0	0	3	0	0	0	0	0	0	0	0	0	0	9	23	0	0	0	0	0	0
input/NOS/JDV_J186-ProfessionRessource-ROR-FHIR.json	49265	3	0	0	0	0	0	0	1	12	0	0	0	0	0	0	0	0	0	0	61	338	0	0	0	2	0	0
input/NOS/JDV_J187-NatureCapacite-ROR-FHIR.json	1512	2	0	0	0	0	0	0	0	3	0	0	0	0	0	0	0	0	0	0	10	22	0	0	0	0	0	0
input/NOS/JDV_J188-TypeStatutCapacite-ROR-FHIR.json	2755	2	0	0	0	0	0	0	0	3	0	0	0	0	0	0	0	0	0	0	11	30	0	0	0	0	0	0
input/NOS/JDV_J189-TemporaliteCapacite-ROR-FHIR.json	2701	2	0	0	0	0	0	0	0	3	0	0	0	0	0	0	0	0	0	0	11	29	0	0	0	1	0	0
input/NOS/JDV_J19-ModePriseEnCharge-ROR-FHIR.json	12950	2	0	0	0	0	0	0	0	5	0	0	0	0	0	0	0	1	0	0	24	102	0	0	0	0	0	0
input/NOS/JDV_J190-GenreCapacite-ROR-FHIR.json	2158	2	0	0	0	0	0	0	0	3	0	0	0	0	0	0	0	0	0	0	10	145	0	0	0	0	0	0
input/NOS/JDV_J191-TypeFermetureCapacite-ROR-FHIR.json	2000	1	0	0	1	0	0	0	0	3	0	0	0	0	0	0	0	0	0	0	10	37	0	0	0	1	0	0
input/NOS/JDV_J192-TypeLitSupplementaire-ROR-FHIR.json	2067	2	0	0	0	0	0	0	0	5	0	0	0	0	0	0	0	0	0	0	10	22	0	0	0	0	0	0
input/NOS/JDV_J193-TypeSourceCapacite-ROR-FHIR.json	2241	2	0	0	0	0	0	0	0	5	0	0	0	0	0	0	0	0	0	0	10	26	0	0	0	0	0	1
input/NOS/JDV_J194-TypeCrise-ROR-FHIR.json	1567	2	0	0	0	0	0	0	0	6	0	0	0	0	0	0	0	0	0	0	9	21	0	0	0	0	0	0
input/NOS/JDV_J195-AffectationTemporaire-ROR-FHIR.json	2036	3	0	0	0	0	0	0	0	4	0	0	0	0	0	0	0	0	0	0	10	22	0	0	0	0	0	0
input/NOS/JDV_J196-StatutCommunication-ROR-FHIR.json	1301	2	0	0	0	0	0	0	0	3	0	0	0	0	0	0	0	0	0	0	10	20	0	0	0	0	0	0
input/NOS/JDV_J197-XdsTypesIdentifiantsReferenceId-CISIS-FHIR.json	3442	3	0	0	0	0	0	0	1	3	0	0	0	0	0	0	0	0	0	0	12	31	0	0	0	1	0	0
input/NOS/JDV_J198-FonctionLieu-ROR-FHIR.json	1195	1	0	0	0	0	0	0	0	4	0	0	0	0	0	0	0	0	0	0	9	21	0	0	0	0	0	0
input/NOS/JDV_J199-StatutJuridique-ROR-FHIR.json	27589	3	0	0	0	0	0	0	0	6	0	0	0	0	0	0	0	0	0	0	40	186	0	0	1	1	0	0
input/NOS/JDV_J20-ChampActivite-ROR-FHIR.json	2447	2	0	0	0	0	0	0	0	3	0	0	0	0	0	0	0	0	0	0	11	26	0	0	0	0	0	0
input/NOS/JDV_J200-SousEnsembleAgregatStatutJuridique-ROR-FHIR.json	2661	1	0	0	0	0	0	0	0	3	0	0	0	0	0	0	0	0	0	0	12	26	0	0	0	0	0	0
input/NOS/JDV_J201-TypeFermeture-ROR-FHIR.json	2790	2	0	0	0	0	0	0	0	3	0	0	0	0	0	0	0	0	0	0	12	25	0	0	0	0	0	0
input/NOS/JDV_J202-ESPIC-ROR-FHIR.json	3773	2	0	0	0	0	0	0	0	2	0	0	0	0	0	0	0	0	0	0	12	32	0	0	0	1	0	0
input/NOS/JDV_J203-TypeOrganisationInterne-ROR-FHIR.json	2994	2	0	0	1	0	0	0	0	4	0	0	0	0	0	0	0	0	0	0	13	30	0	0	0	0	0	0
input/NOS/JDV_J204-NiveauRecoursORSAN-ROR-FHIR.json	1556	2	0	0	0	0	0	0	1	3	0	0	0	0	0	0	0	0	0	0	15	27	0	0	0	0	0	0
input/NOS/JDV_J205-UnitePrix-ROR-FHIR.json	2052	1	0	0	0	0	0	0	0	3	0	0	0	0	0	0	0	0	0	0	10	30	0	0	0	0	0	0
input/NOS/JDV_J206-PrestationNonObligatoireIncluse-ROR-FHIR.json	4807	2	0	0	0	0	0	0	0	3	0	0	0	0	0	0	0	0	0	0	15	43	0	0	0	0	0	0
input/NOS/JDV_J207-Civilite-ROR-FHIR.json	1724	2	0	0	0	0	0	0	0	5	0	0	0	0	0	0	0	0	0	0	11	28	0	0	0	0	0	0
input/NOS/JDV_J208-CiviliteExercice-ROR-FHIR.json	2735	2	0	0	0	0	0	0	0	3	0	0	0	0	0	0	0	0	0	0	11	29	0	0	0	1	0	0
input/NOS/JDV_J209-TypeSavoirFaire-ROR-FHIR.json	4471	2	0	0	0	0	0	0	0	3	0	0	0	0	0	0	0	0	0	0	13	41	0	0	0	0	0	0
input/NOS/JDV_J21-PalierAuthentificationActeurPP-FHIR.json	3037	2	0	0	0	0	0	0	0	5	0	0	0	0	0	0	0	0	0	0	13	31	0	0	0	0	0	0
input/NOS/JDV_J210-SpecialiteOrdinale-ROR-FHIR.json	35732	3	0	0	0	0	0	0	1	13	0	0	0	0	0	0	0	0	0	0	56	250	0	0	0	2	0	0
input/NOS/JDV_J211-CompetenceExclusive-ROR-FHIR.json	2173	1	0	0	0	0	0	0	0	3	0	0	0	0	0	0	0	0	0	0	11	27	0	0	0	0	0	0
input/NOS/JDV_J212-OrientationParticuliere-ROR-FHIR.json	1518	2	0	0	0	0	0	0	0	6	0	0	0	0	0	0	0	0	0	0	9	21	0	0	0	0	0	0
input/NOS/JDV_J213-CapaciteSavoirFaire-ROR-FHIR.json	6207	2	0	0	0	0	0	0	0	6	0	0	0	0	0	0	0	0	0	0	15	57	0	0	0	0	0	0
input/NOS/JDV_J214-QualificationPAC-ROR-FHIR.json	1231	2	0	0	0	0	0	0	0	5	0	0	0	0	0	0	0	0	1	0	10	23	0	0	0	0	0	0
input/NOS/JDV_J215-DESCnonQualifiant-ROR-FHIR.json	14570	2	0	0	1	0	0	0	0	8	0	0	0	0	0	0	0	0	0	0	24	93	0	0	0	1	0	0
input/NOS/JDV_J216-DroitExerciceCompl-ROR-FHIR.json	9060	2	0	0	0	0	0	0	0	6	0	0	0	0	0	0	0	0	0	0	18	65	0	0	0	0	0	0
input/NOS/JDV_J217-ModeExercice-ROR-FHIR.json	1785	2	0	0	0	0	0	0	0	5	0	0	0	0	0	0	0	0	0	0	10	24	0	0	0	1	0	0
input/NOS/JDV_J218-CNAMAmeliSecteurConventionnement-ROR-FHIR.json	2331	1	0	0	0	0	0	0	0	5	0	0	0	0	0	0	0	0	0	0	11	28	0	0	0	0	0	0
input/NOS/JDV_J219-TypeVoie-ROR-FHIR.json	57051	4	0	0	0	0	0	0	2	14	0	0	0	0	0	0	0	1	0	0	59	393	0	0	0	2	0	0
input/NOS/JDV_J22-RestrictionAudienceVIHF-CISIS-FHIR.json	1316	2	0	0	0	0	0	0	0	3	0	0	0	0	0	0	0	0	0	0	10	21	0	0	0	0	0	0
input/NOS/JDV_J220-FonctionContact-ROR-FHIR.json	9313	2	0	0	0	0	0	0	0	4	0	0	0	0	0	0	0	0	0	0	17	69	0	0	0	0	0	1
input/NOS/JDV_J221-NatureContact-ROR-FHIR.json	6200	2	0	0	0	0	0	0	0	3	0	0	0	0	0	0	0	0	0	0	14	60	0	0	0	1	0	0
input/NOS/JDV_J222-NiveauConfidentialite-ROR-FHIR.json	1847	2	0	0	0	0	0	0	0	4	0	0	0	0	0	0	0	0	0	0	9	26	0	0	0	0	0	0
input/NOS/JDV_J223-TypeDivisionTerritoriale-ROR-FHIR.json	2753	2	0	0	0	0	0	0	0	3	0	0	0	0	0	0	0	0	0	0	11	30	0	0	0	0	0	0
input/NOS/JDV_J224-StatutLieu-ROR-FHIR.json	1756	1	0	0	0	0	0	0	0	2	0	0	0	0	0	0	0	0	0	0	14	24	0	0	0	0	0	0
input/NOS/JDV_J225-CanalCommunication-ROR-FHIR.json	3693	2	0	0	0	0	0	0	0	3	0	0	0	0	0	0	0	0	0	0	14	33	0	0	0	0	0	0
input/NOS/JDV_J226-ModaliteAccueil-ROR-FHIR.json	6477	2	0	0	0	0	0	0	0	6	0	0	0	0	0	0	0	0	0	0	15	45	0	0	0	1	0	0
input/NOS/JDV_J227-NiveauExpertise-ROR-FHIR.json	14323	2	0	0	1	0	0	0	1	5	0	0	0	0	0	0	0	0	0	0	25	85	0	0	0	0	0	0
input/NOS/JDV_J228-TypeCaracteristiqueEquipement-ROR-FHIR.json	1582	2	0	0	0	0	0	0	0	5	0	0	0	0	0	0	0	0	0	0	10	20	0	0	0	0	0	0
input/NOS/JDV_J229-ProfessionSante-ROR-FHIR.json	9940	2	0	0	0	0	0	0	0	6	0	0	0	0	0	0	0	0	0	0	19	61	0	0	0	1	0	0
input/NOS/JDV_J23-TypeNoteCahierLiaison-CISIS-FHIR.json	2483	2	0	0	0	0	0	0	0	3	0	0	0	0	0	0	0	0	0	0	11	27	0	0	0	0	0	0
input/NOS/JDV_J231-XdsTypesIdentifiantsReferenceId-DMP-FHIR.json	2066	1	0	0	0	0	0	0	0	2	0	0	0	0	0	0	0	0	0	0	13	25	0	0	0	0	0	0
input/NOS/JDV_J232-Competence-ROR-FHIR.json	14616	3	0	0	0	0	0	0	0	7	0	0	0	0	0	0	0	0	0	0	24	115	0	0	0	1	0	0
input/NOS/JDV_J233-TypeDiplome-EPARS-FHIR.json	1522	1	0	0	0	0	0	0	0	5	0	0	0	0	0	0	0	0	0	0	11	24	0	0	0	0	0	0
input/NOS/JDV_J234-GenreActivite-EPARS-FHIR.json	1557	2	0	0	0	0	0	0	0	4	0	0	0	0	0	0	0	0	0	0	10	29	0	0	0	0	0	0
input/NOS/JDV_J235-LieuFormation-EPARS-FHIR.json	35081	3	0	0	0	0	0	0	1	21	0	0	0	0	0	0	0	0	0	0	41	242	0	0	0	1	0	0
input/NOS/JDV_J236-TypeIdentifiant-ROR-FHIR.json	6329	2	0	0	0	0	0	0	0	8	0	0	0	0	0	0	0	0	0	0	19	54	0	0	0	1	0	0
input/NOS/JDV_J237-RegionOM-ROR-FHIR.json	6410	2	0	0	0	0	0	0	0	6	0	0	0	0	0	0	0	0	0	0	14	20	0	0	0	0	0	0
input/NOS/JDV_J238-TypeOffre-ROR-FHIR.json	83580	4	0	0	0	0	0	0	2	34	0	0	0	0	0	0	0	1	0	0	105	519	0	0	0	4	0	0
input/NOS/JDV_J239-SpecialitesSNP-SAS-FHIR.json	9227	3	0	0	0	0	0	0	0	8	0	0	0	0	0	0	0	0	0	0	20	74	0	0	0	0	0	0
input/NOS/JDV_J24-ProfessionAuteurNote-CISIS-FHIR.json	8266	1	0	0	1	0	0	0	0	6	0	0	0	0	0	0	0	0	0	0	18	72	0	0	0	1	0	0
input/NOS/JDV_J241-ThematiqueAnomalie-ROR-FHIR.json	2760	2	0	0	0	0	0	0	0	6	0	0	0	0	0	0	0	0	0	0	11	28	0	0	0	0	0	0
input/NOS/JDV_J242-ActionAnomalie-ROR-FHIR.json	1833	2	0	0	0	0	0	0	0	3	0	0	0	0	0	0	0	0	0	0	11	27	0	0	0	0	0	0
input/NOS/JDV_J244-StatutMetierAnomalie-ROR-FHIR.json	4352	2	0	0	0	0	0	0	0	3	0	0	0	0	0	0	0	0	0	0	13	41	0	0	0	0	0	0
input/NOS/JDV_J245-Civilite-CISIS-FHIR.json	1430	2	0	0	0	0	0	0	1	2	0	0	0	0	0	0	0	0	0	0	11	22	0	0	0	0	0	0
input/NOS/JDV_J246-Titre-CISIS-FHIR.json	2699	1	0	0	0	0	0	0	0	3	0	0	0	0	0	0	0	0	0	0	12	31	0	0	0	1	0	0
input/NOS/JDV_J247-Pays-ROR-FHIR.json	66760	5	0	0	0	0	0	0	1	19	0	0	0	0	0	0	0	0	0	0	70	33	0	0	0	2	0	1
input/NOS/JDV_J248-DepartementOM-ROR-FHIR.json	34842	3	0	0	0	0	0	0	1	18	0	0	0	0	0	0	0	1	0	0	43	25	0	0	0	2	0	0
input/NOS/JDV_J249-TerritoireSante-ROR-FHIR.json	42253	3	0	0	0	0	0	0	0	14	0	0	0	0	0	0	0	0	0	0	51	320	0	0	0	2	0	0
input/NOS/JDV_J250-MotifStatutPersonnePriseChargeUnite-FHIR.json	10812	2	0	0	0	0	0	0	1	7	0	0	0	0	0	0	0	0	0	0	21	63	0	0	0	1	0	0
input/NOS/JDV_J251-MotifStatutPersonnePriseChargeESMS-FHIR.json	9292	2	0	0	0	0	0	0	0	6	0	0	0	0	0	0	0	0	0	0	19	67	0	0	0	0	0	0
input/NOS/JDV_J252-StatutPersonnePriseChargeESMS-FHIR.json	6201	2	0	0	0	0	0	0	0	6	0	0	0	0	0	0	0	0	0	0	15	45	0	0	0	1	0	0
input/NOS/JDV_J253-StatutPersonnePriseChargeUnite-FHIR.json	4023	2	0	0	0	0	0	0	0	5	0	0	0	0	0	0	0	0	0	0	12	36	0	0	0	0	0	0
input/NOS/JDV_J254-CategorieEtablissementESSMSPH-FHIR.json	9329	2	0	0	1	0	0	0	0	7	0	0	0	0	0	0	0	0	0	0	19	73	0	0	0	1	0	0
input/NOS/JDV_J255-SurspecialiteTransversale-RPPS-FHIR.json	9560	2	0	0	0	0	0	0	0	6	0	0	0	0	0	0	0	0	0	0	20	77	0	0	0	0	0	0
input/NOS/JDV_J256-Pays-FHIR.json	67963	4	0	0	0	0	0	0	2	20	0	0	0	0	0	0	0	1	0	0	71	382	0	0	0	3	0	1
input/NOS/JDV_J257-Region-FHIR.json	9257	2	0	0	0	0	0	0	0	8	0	0	0	0	0	0	0	0	0	0	17	68	0	0	0	0	0	0
input/NOS/JDV_J258-Departement-FHIR.json	35156	3	0	0	0	0	0	0	1	13	0	0	0	0	0	0	0	0	0	0	43	227	0	0	0	1	0	0
input/NOS/JDV_J259-ModeFixationTarifaire-RASS-FHIR.json	16882	2	0	0	0	0	0	0	0	8	0	0	0	0	0	0	0	0	0	0	27	133	0	0	0	1	0	0
input/NOS/JDV_J26-ModeGestion-ROR-FHIR.json	1439	2	0	0	0	0	0	0	0	5	0	0	0	0	0	0	0	0	0	0	10	23	0	0	0	0	0	0
input/NOS/JDV_J260-TypeFermeture-RASS-FHIR.json	2810	2	0	0	0	0	0	0	0	5	0	0	0	0	0	0	0	0	0	0	11	29	0	0	0	0	0	0
input/NOS/JDV_J261-SourceInformationInstallation-RASS-FHIR.json	3835	1	0	0	0	0	0	0	0	5	0	0	0	0	0	0	0	0	0	0	13	39	0	0	0	1	0	0
input/NOS/JDV_J262-Sexe-FHIR.json	2031	2	0	0	0	0	0	0	0	5	0	0	0	0	0	0	0	0	0	0	10	28	0	0	0	0	0	0
input/NOS/JDV_J264-ModeEtCentreDePriseEnCharge-MDPH-FHIR.json	2481	2	0	0	0	0	0	0	1	4	0	0	0	0	0	0	0	0	0	0	12	33	0	0	0	0	0	0
input/NOS/JDV_J265-RoleMembreCercleDeSoins-CISIS-FHIR.json	3012	2	0	0	0	0	0	0	0	3	0	0	0	0	0	0	0	0	0	0	11	32	0	0	0	0	0	0
input/NOS/JDV_J27-GroupeTarifaireDependance-ROR-FHIR.json	1860	1	0	0	1	0	0	0	0	2	0	0	0	0	0	0	0	0	0	0	11	22	0	0	0	0	0	0
input/NOS/JDV_J275-EMDN-UPNOS-FHIR.json	6231	3	0	0	0	0	0	0	0	146	0	0	0	0	0	0	0	0	0	0	15	217	0	0	0	1	0	0
input/NOS/JDV_J277-NCIT-CISIS-FHIR.json	2117	2	0	0	0	0	0	0	0	226	0	0	0	0	0	0	0	0	0	0	11	246	0	0	0	0	0	0
input/NOS/JDV_J278-UcumUniteMesure-UPNOS-FHIR.json	5106	2	0	0	0	0	0	0	0	91	0	0	0	0	0	0	0	0	0	0	11	118	0	0	0	0	0	0
input/NOS/JDV_J279-Loinc-UPNOS-FHIR.json	29131	3	0	0	0	0	0	0	1	152	0	0	0	0	0	0	0	0	0	0	35	287	0	0	0	1	0	0
input/NOS/JDV_J28-OuvertureAnnuelle-ROR-FHIR.json	2566	2	0	0	0	0	0	0	0	3	0	0	0	0	0	0	0	0	0	0	11	25	0	0	0	0	0	0
input/NOS/JDV_J280-CIM10ATIH-UPNOS-FHIR.json	10231	2	0	0	0	0	0	0	0	161	0	0	0	0	0	0	0	0	0	0	20	218	0	0	0	1	0	0
input/NOS/JDV_J281-StatutsRessourcesMS-FHIR.json	2745	1	0	0	0	0	0	0	0	3	0	0	0	0	0	0	0	0	0	0	10	32	0	0	0	0	0	0
input/NOS/JDV_J282-TransportsLiesAuProjetIndividuel_SERAFIN-FHIR.json	2438	2	0	0	0	0	1	0	0	153	0	0	0	0	0	0	0	0	0	0	10	157	0	0	0	0	0	0
input/NOS/JDV_J283-PrestationsIndirects_SERAFIN-FHIR.json	13256	2	0	0	0	0	0	0	0	149	0	0	0	0	0	0	0	0	0	0	21	221	0	0	0	0	0	0
input/NOS/JDV_J284-PrestationsDirects_SERAFIN-FHIR.json	14189	2	0	0	0	0	0	0	1	151	0	0	0	0	0	0	0	0	0	0	21	236	0	0	0	1	0	0
input/NOS/JDV_J285-Besoins_SERAFIN-FHIR.json	13263	3	0	0	0	0	0	0	0	160	0	0	0	0	0	0	0	0	0	0	19	240	0	0	0	0	0	0
input/NOS/JDV_J286_ProfilUtilisateurReferentielNational_ROR-FHIR.json	4325	1	0	0	1	0	0	0	0	3	0	0	0	0	0	0	0	0	0	0	13	39	0	0	0	1	0	0
input/NOS/JDV_J29-PublicPrisEnCharge-ROR-FHIR.json	3905	2	0	0	0	0	0	0	0	2	0	0	0	0	0	0	0	0	0	0	12	37	0	0	0	0	0	0
input/NOS/JDV_J30-TemporaliteAccueil-ROR-FHIR.json	1487	2	0	0	0	0	0	0	0	3	0	0	0	0	0	0	0	0	0	0	11	21	0	0	0	0	0	0
input/NOS/JDV_J31-AideFinanciere-ROR-FHIR.json	1532	2	0	0	0	0	0	0	0	2	0	0	0	0	0	0	0	0	0	0	10	23	0	0	0	0	0	0
input/NOS/JDV_J32-TypeHabitation-ROR-FHIR.json	2965	2	0	0	0	0	0	0	0	3	0	0	0	0	0	0	0	0	0	0	10	31	0	0	0	1	0	0
input/NOS/JDV_J33-CompetenceSpecifique-ROR-FHIR.json	18993	2	0	0	0	0	0	0	1	4	0	0	0	0	0	0	0	0	0	0	29	91	0	0	0	0	0	1
input/NOS/JDV_J34-CategorieOrganisation-ROR-FHIR.json	83545	5	0	0	0	0	0	0	1	11	0	0	0	0	0	0	0	1	0	0	105	457	0	0	0	4	0	0
input/NOS/JDV_J35-SpecialisationDePriseEnCharge-ROR-FHIR.json	23575	34	0	0	0	0	0	0	1	6	0	0	0	0	0	0	0	0	0	0	37	153	0	0	0	1	0	0
input/NOS/JDV_J36-TypeTarif-ROR-FHIR.json	3062	2	0	0	0	0	0	0	0	2	0	0	0	0	0	0	0	0	0	0	11	36	0	0	0	1	0	0
input/NOS/JDV_J37-UcumUniteTemps-FHIR.json	3204	2	0	0	0	0	0	0	0	88	0	0	0	0	0	0	0	0	0	0	11	117	0	0	0	0	0	0
input/NOS/JDV_J38_ModeAcces-CISIS-FHIR.json	1883	2	0	0	0	0	0	0	0	2	0	0	0	0	0	0	0	0	0	0	11	24	0	0	0	0	0	0
input/NOS/JDV_J39-ConditionTarifaire-ROR-FHIR.json	1833	2	0	0	0	0	0	0	0	3	0	0	0	0	0	0	0	0	0	0	10	24	0	0	0	0	0	0
input/NOS/JDV_J41-TypeHoraire-ROR-FHIR.json	4391	1	0	0	1	0	0	0	0	2	0	0	0	0	0	0	0	0	0	0	13	41	0	0	0	0	0	0
input/NOS/JDV_J42-TypeMaternite-ROR-FHIR.json	2109	2	0	0	0	0	0	0	0	3	0	0	0	0	0	0	0	0	0	0	10	25	0	0	0	1	0	0
input/NOS/JDV_J46-TypeEvenementNotification-CISIS-FHIR.json	7732	2	0	0	0	0	0	0	0	3	0	0	0	0	0	0	0	0	0	0	18	53	0	0	0	0	0	0
input/NOS/JDV_J47-FunctionCode-CISIS-FHIR.json	4543	2	0	0	0	0	0	0	0	4	0	0	0	0	0	0	0	0	0	0	15	34	0	0	0	0	0	0
input/NOS/JDV_J48-ProfessionNonPS-CISIS-FHIR.json	19043	2	0	0	0	0	0	0	1	4	0	0	0	0	0	0	0	0	0	0	33	23	0	0	0	1	0	0
input/NOS/JDV_J49-UcumUniteLongueur-FHIR.json	1124	2	0	0	0	0	0	0	0	99	0	0	0	0	0	0	0	0	0	0	11	108	0	0	0	0	0	0
input/NOS/JDV_J50-AccessibiliteLieu-ROR-FHIR.json	2750	2	0	0	0	0	0	0	0	3	0	0	0	0	0	0	0	0	0	0	11	28	0	0	0	0	0	0
input/NOS/JDV_J51-FamilleActiviteOperationnelle-ROR-FHIR.json	11590	2	0	0	0	0	0	0	0	4	0	0	0	0	0	0	0	0	0	0	24	66	0	0	0	1	0	0
input/NOS/JDV_J52-AvailabilityStatus-CISIS-FHIR.json	2533	2	0	0	0	0	0	0	0	3	0	0	0	0	0	0	0	0	0	0	12	23	0	0	0	0	0	0
input/NOS/JDV_J53-TypeRequeteGestionDossier-CISIS-FHIR.json	2930	2	0	0	0	0	0	0	0	2	0	0	0	0	0	0	0	0	0	0	11	25	0	0	0	0	0	0
input/NOS/JDV_J54-Profession-ROR-FHIR.json	19064	2	0	0	0	0	0	0	0	5	0	0	0	0	0	0	0	0	0	0	32	94	0	0	0	1	0	0
input/NOS/JDV_J55-CategorieEG-ROR-FHIR.json	63996	7	0	0	0	0	0	0	2	11	0	0	0	0	0	0	0	0	0	0	85	298	0	0	0	3	0	1
input/NOS/JDV_J56-AuthorSpecialty-DMP-FHIR.json	132399	6	0	0	1	0	0	0	2	21	0	0	0	0	0	0	0	1	0	0	167	632	0	0	0	7	0	0
input/NOS/JDV_J57-ClassCode-DMP-FHIR.json	4837	2	0	0	0	0	0	0	0	3	0	0	0	0	0	0	0	0	0	0	14	36	0	0	0	0	0	0
input/NOS/JDV_J58-ConfidentialityCode-DMP-FHIR.json	3064	1	0	0	0	0	0	0	0	2	0	0	0	0	0	0	0	0	0	0	12	28	0	0	0	1	0	0
input/NOS/JDV_J59-ContentTypeCode-DMP-FHIR.json	34650	3	0	0	0	0	0	0	1	9	0	0	0	0	0	0	0	0	0	0	49	194	0	0	0	1	0	0
input/NOS/JDV_J60-FormatCode-DMP-FHIR.json	24263	3	0	0	1	0	0	0	0	6	0	0	0	0	0	0	0	0	0	0	41	138	0	1	0	1	0	0
input/NOS/JDV_J61-HealthcareFacilityTypeCode-DMP-FHIR.json	23769	2	0	0	0	0	0	0	1	5	0	0	0	0	0	0	0	0	0	0	37	136	0	0	0	1	0	0
input/NOS/JDV_J62-PracticeSettingCode-DMP-FHIR.json	4614	2	0	0	1	0	0	0	0	3	0	0	0	0	0	0	0	0	0	0	14	41	0	0	0	1	0	0
input/NOS/JDV_J64-RestrictionAudienceVIHF-DMP-FHIR.json	1307	2	0	0	0	0	0	0	0	2	0	0	0	0	0	0	0	0	0	0	10	19	0	0	0	0	0	0
input/NOS/JDV_J65-SubjectRole-DMP-FHIR.json	145559	7	0	0	0	0	0	0	3	21	0	0	0	0	0	0	0	1	0	0	182	784	0	0	0	7	0	1
input/NOS/JDV_J66-TypeCode-DMP-FHIR.json	37433	3	0	0	0	0	0	0	0	139	0	0	0	0	0	0	0	0	0	0	48	364	0	0	0	2	0	0
input/NOS/JDV_J67-TraitementDocument-CISIS-FHIR.json	1223	2	0	0	0	0	0	0	0	3	0	0	0	0	0	0	0	0	0	0	9	21	0	0	0	0	0	0
input/NOS/JDV_J68-ProfilAccesReferentiel-ROR-FHIR.json	4585	2	0	0	0	0	0	0	0	3	0	0	0	0	0	0	0	0	0	0	14	41	0	0	0	1	0	0
input/NOS/JDV_J71-ProfessionFonction-MSSante-FHIR.json	17205	2	0	0	0	0	0	0	1	4	0	0	0	0	0	0	0	0	0	0	28	116	0	0	0	0	0	0
input/NOS/JDV_J72-TypeProfessionFonction-MSSante-FHIR.json	1603	2	0	0	0	0	0	0	0	3	0	0	0	0	0	0	0	0	0	0	10	22	0	0	0	0	0	0
input/NOS/JDV_J73-MetierPharmacien-RASS-FHIR.json	6466	2	0	0	0	0	0	0	0	6	0	0	0	0	0	0	0	0	0	0	16	47	0	0	0	1	0	0
input/NOS/JDV_J74-Pays-RASS-FHIR.json	69029	4	0	0	0	0	0	0	1	13	0	0	0	0	0	0	0	1	0	0	74	35	0	0	0	3	0	0
input/NOS/JDV_J75-TypeAutorisation-RASS-FHIR.json	15425	2	0	0	0	0	0	0	1	4	0	0	0	0	0	0	0	0	0	0	29	91	0	0	0	0	0	0
input/NOS/JDV_J76-DisciplineAutorisation-RASS-FHIR.json	14356	2	0	0	1	0	0	0	0	59	0	0	0	0	0	0	0	0	0	0	24	91	0	0	0	1	0	1
input/NOS/JDV_J77-TypeIdentifiantPersonne-RASS-FHIR.json	3469	4	0	0	0	0	0	0	0	3	0	0	0	0	0	0	0	0	0	0	13	30	0	0	0	0	0	0
input/NOS/JDV_J78-Civilite-RASS-FHIR.json	1760	2	0	0	0	0	0	0	0	2	0	0	0	0	0	0	0	0	0	0	11	22	0	0	0	0	0	0
input/NOS/JDV_J79-CiviliteExercice-RASS-FHIR.json	2766	1	0	0	0	0	0	0	0	2	0	0	0	0	0	0	0	0	0	0	10	26	0	0	0	1	0	0
input/NOS/JDV_J80-Sexe-RASS-FHIR.json	2039	2	0	0	0	0	0	0	0	3	0	0	0	0	0	0	0	0	0	0	11	27	0	0	0	0	0	0
input/NOS/JDV_J81-TypeDiplome-RASS-FHIR.json	5542	2	0	0	0	0	0	0	0	3	0	0	0	0	0	0	0	0	0	0	13	37	0	0	0	0	0	0
input/NOS/JDV_J82-Langue-RASS-FHIR.json	58062	4	0	0	0	0	0	0	1	8	0	0	0	0	0	0	0	0	0	0	60	365	0	0	0	2	0	0
input/NOS/JDV_J83-AutoriteEnregistrement-RASS-FHIR.json	10098	2	0	0	0	0	0	0	1	4	0	0	0	0	0	0	0	0	0	0	20	67	0	0	0	1	0	0
input/NOS/JDV_J84-DepartementOM-RASS-FHIR.json	34272	3	0	0	0	0	0	0	0	6	0	0	0	0	0	0	0	0	0	0	41	25	0	0	0	1	0	0
input/NOS/JDV_J85-StatutInscription-RASS-FHIR.json	2167	2	0	0	0	0	0	0	0	3	0	0	0	0	0	0	0	0	0	0	11	25	0	0	0	0	0	0
input/NOS/JDV_J86-NatCycleForm-RASS-FHIR.json	1835	2	0	0	0	0	0	0	0	2	0	0	0	0	0	0	0	0	0	0	14	20	0	0	0	0	0	0
input/NOS/JDV_J87-NiveauFormAcquis-RASS-FHIR.json	5864	2	0	0	1	0	0	0	1	3	0	0	0	0	0	0	0	0	0	0	23	41	0	0	0	0	0	0
input/NOS/JDV_J88-AnneeUniversitaire-RASS-FHIR.json	6851	2	0	0	0	0	0	0	0	3	0	0	0	0	0	0	0	0	0	0	15	51	0	0	0	1	0	0
input/NOS/JDV_J89-CategorieProfessionnelle-RASS-FHIR.json	2194	1	0	0	0	0	0	0	0	2	0	0	0	0	0	0	0	0	0	0	11	28	0	0	0	0	0	0
input/NOS/JDV_J90-AttributionParticuliere-RASS-FHIR.json	4314	2	0	0	0	0	0	0	0	3	0	0	0	0	0	0	0	0	0	0	13	36	0	0	0	0	0	0
input/NOS/JDV_J91-TypeSavoirFaire-RASS-FHIR.json	4502	2	0	0	0	0	0	0	0	3	0	0	0	0	0	0	0	0	0	0	13	40	0	0	0	0	0	0
input/NOS/JDV_J92-MotifFinActivite-RASS-FHIR.json	3763	2	0	0	0	0	0	0	0	2	0	0	0	0	0	0	0	0	0	0	12	41	0	0	0	1	0	0
input/NOS/JDV_J93-RegionOM-RASS-FHIR.json	9262	2	0	0	0	0	0	0	0	4	0	0	0	0	0	0	0	0	0	0	16	100	0	0	0	0	0	0
input/NOS/JDV_J94-GenreActivite-RASS-FHIR.json	5389	2	0	0	0	0	0	0	0	3	0	0	0	0	0	0	0	0	0	0	16	66	0	0	0	0	0	0
input/NOS/JDV_J95-ModeExercice-RASS-FHIR.json	1814	2	0	0	0	0	0	0	0	2	0	0	0	0	0	0	0	0	0	0	11	23	0	0	0	1	0	0
input/NOS/JDV_J96-TypeActiviteLiberale-RASS-FHIR.json	2882	1	0	0	0	0	0	0	0	2	0	0	0	0	0	0	0	0	0	0	14	29	0	0	0	0	0	0
input/NOS/JDV_J97-StatutProfessionnelSSA-RASS-FHIR.json	2242	2	0	0	0	0	0	0	0	3	0	0	0	0	0	0	0	0	0	0	11	24	0	0	0	0	0	0
input/NOS/JDV_J98-StatutHospitalier-RASS-FHIR.json	7852	2	0	0	1	0	0	0	1	3	0	0	0	0	0	0	0	0	0	0	18	56	0	0	0	0	0	0
input/NOS/JDV_J99-InseeNAFrav2Niveau5-RASS-FHIR.json	254176	10	0	0	0	0	0	0	4	48	0	0	0	0	0	0	0	1	0	0	300	1452	0	0	0	14	0	1
input/NOS/TRE_A00-ProducteurDocNonPS-FHIR.json	5838	3	0	0	0	0	0	0	1	6	0	0	0	0	0	0	0	0	0	0	16	24	0	0	0	0	0	0
input/NOS/TRE_A01-CadreExercice-FHIR.json	7442	3	0	0	0	0	0	0	0	3	0	0	0	0	0	0	0	0	0	0	17	21	0	0	0	1	0	0
input/NOS/TRE_A02-ProfessionSavFaire-CISIS-FHIR.json	262414	17	0	0	0	0	0	0	10	55	0	0	1	0	0	0	0	3	0	0	305	116	0	0	0	12	0	1
input/NOS/TRE_A03-ClasseDocument-FHIR.json	8686	2	0	0	0	0	0	0	0	4	0	0	0	0	0	0	0	0	0	0	19	24	0	0	0	0	0	0
input/NOS/TRE_A05-TypeDocComplementaire-FHIR.json	29796	4	0	0	0	0	0	0	1	7	0	0	0	0	0	0	0	0	0	0	44	27	0	0	0	2	0	1
input/NOS/TRE_A06-FormatCodeComplementaire-FHIR.json	46398	4	0	0	0	0	0	0	2	7	0	0	0	0	0	0	0	0	0	0	66	28	0	0	0	2	0	0
input/NOS/TRE_A07-StatutVisibiliteDocument-FHIR.json	5226	2	0	0	1	0	0	0	1	3	0	0	0	0	0	0	0	0	0	0	14	25	0	0	0	0	0	0
input/NOS/TRE_A08-HL7Confidentiality-FHIR.json	3283	2	0	0	0	0	0	0	0	5	0	0	0	0	0	0	0	0	0	0	12	19	0	0	0	0	0	0
input/NOS/TRE_A09-DICOMuidRegistry-FHIR.json	2773	2	0	0	0	0	0	0	0	3	0	0	0	0	0	0	0	0	0	0	12	17	0	0	0	1	0	0
input/NOS/TRE_A10-NomenclatureURN-FHIR.json	2533	1	0	0	0	0	0	0	0	2	0	0	0	0	0	0	0	0	0	0	11	16	0	0	0	0	0	0
input/NOS/TRE_A11-IheFormatCode-FHIR.json	31127	4	0	0	0	0	0	0	1	6	0	0	0	0	0	0	0	0	0	0	46	24	0	0	0	1	0	0
input/NOS/TRE_A12-NomenclatureASTM-FHIR.json	1714	1	0	0	0	0	0	0	0	2	0	0	0	0	0	0	0	0	0	0	11	16	0	0	0	0	0	0
input/NOS/TRE_A13-HL7ParticipationType-FHIR.json	37535	4	0	0	0	0	0	0	1	7	0	0	0	0	0	0	0	1	0	0	48	26	0	0	0	2	0	0
input/NOS/TRE_G00-Langue-FHIR.json	116591	9	0	0	0	0	0	0	3	16	0	0	0	0	0	0	0	1	0	0	126	58	0	0	0	5	0	1
input/NOS/TRE_G01-CategorieProduit-FHIR.json	4945	2	0	0	0	0	0	0	1	3	0	0	0	0	0	0	0	0	0	0	15	26	0	0	0	0	0	0
input/NOS/TRE_G02-TypeProduit-FHIR.json	3749	2	0	0	1	0	0	0	0	3	0	0	0	0	0	0	0	0	0	0	13	28	0	0	0	1	0	0
input/NOS/TRE_G03-CiviliteCPx-FHIR.json	2964	2	0	0	0	0	0	0	0	3	0	0	0	0	0	0	0	0	0	0	12	20	0	0	0	0	0	0
input/NOS/TRE_G04-NiveauResponsabiliteCPx-FHIR.json	3102	2	0	0	0	0	0	0	0	2	0	0	0	0	0	0	0	0	0	0	12	26	0	0	0	0	0	0
input/NOS/TRE_G05-SousSectionTableauCNOP-FHIR.json	12522	2	0	0	0	0	0	0	0	4	0	0	0	0	0	0	0	0	0	0	22	21	0	0	0	1	0	0
input/NOS/TRE_G07-TypeIdentifiantStructure-FHIR.json	7095	2	0	0	0	0	0	0	0	3	0	0	0	0	0	0	0	0	0	0	16	17	0	0	0	0	0	0
input/NOS/TRE_G08-TypeIdentifiantPersonne-FHIR.json	9577	2	0	0	0	0	0	0	1	4	0	0	0	0	1	0	0	0	0	0	20	18	0	0	0	1	0	0
input/NOS/TRE_G09-DepartementOM-FHIR.json	70309	6	0	0	0	0	0	0	2	10	0	0	0	0	0	0	0	0	0	0	81	36	0	0	0	2	0	0
input/NOS/TRE_G100-Specialite-AM-FHIR.json	56203	5	0	0	0	0	0	0	1	8	0	0	0	0	0	0	0	1	0	0	67	32	0	0	0	3	0	1
input/NOS/TRE_G11-NatureQualificationADELI-FHIR.json	7094	2	0	0	0	0	0	0	1	4	0	0	0	0	0	0	0	0	0	0	17	29	0	0	0	0	0	0
input/NOS/TRE_G12-SpecialiteADELI-FHIR.json	103867	7	0	0	1	0	0	0	2	13	0	0	0	0	0	0	0	0	0	0	119	62	0	0	0	4	0	0
input/NOS/TRE_G13-OrientationParticuliere-FHIR.json	2348	2	0	0	0	0	0	0	0	3	0	0	0	0	0	0	0	1	0	0	11	16	0	0	0	1	0	0
input/NOS/TRE_G15-ProfessionSante-FHIR.json	21618	3	0	0	0	0	0	0	1	5	0	0	0	0	0	0	0	0	0	0	33	22	0	0	0	1	0	0
input/NOS/TRE_G16-ProfessionFormation-FHIR.json	3714	2	0	0	0	0	0	0	0	3	0	0	0	0	0	0	0	0	0	0	14	17	0	0	0	0	0	0
input/NOS/TRE_G17-ModeExerciceCPx-FHIR.json	3609	2	0	0	0	0	0	0	0	3	0	0	0	0	0	0	0	0	0	0	12	16	0	0	0	0	0	0
input/NOS/TRE_G18-AttributionParticuliereADELI-FHIR.json	9120	2	0	0	0	0	0	0	1	4	0	0	0	0	0	0	0	0	0	0	19	18	0	0	0	1	0	1
input/NOS/TRE_G19-SecteurActiviteADELI-FHIR.json	46685	4	0	0	0	0	0	0	1	8	0	0	0	0	0	0	0	0	0	0	62	28	0	0	0	2	0	0
input/NOS/TRE_G20-Specialisation-FHIR.json	9571	2	0	0	0	0	0	0	0	4	0	0	0	0	0	0	0	0	0	0	20	18	0	0	0	0	0	0
input/NOS/TRE_R01-EnsembleSavoirFaire-CISIS-FHIR.json	226292	15	0	0	1	0	0	0	6	29	0	0	1	0	0	0	0	2	0	0	266	83	0	0	0	11	0	1
input/NOS/TRE_R02-SecteurActivite-FHIR.json	49278	5	0	0	0	0	0	0	1	9	0	0	0	0	0	0	0	0	0	0	67	29	0	0	0	2	0	0
input/NOS/TRE_R03-AttributionParticuliere-FHIR.json	7821	2	0	0	0	0	0	0	1	4	0	0	0	0	0	0	0	0	0	0	19	18	0	0	0	1	0	0
input/NOS/TRE_R04-TypeSavoirFaire-FHIR.json	8217	2	0	0	0	0	0	0	0	3	0	0	0	0	0	0	0	0	0	0	17	18	0	0	0	0	0	0
input/NOS/TRE_R06-SectionTableauCNOP-FHIR.json	6405	2	0	0	0	0	0	0	0	3	0	0	0	0	0	0	0	0	0	0	17	18	0	0	0	0	0	0
input/NOS/TRE_R09-CategorieProfessionnelle-FHIR.json	3612	2	0	0	0	0	0	0	0	2	0	0	0	0	0	0	0	0	0	0	13	16	0	0	0	0	0	0
input/NOS/TRE_R10-SexeAdministratif-FHIR.json	2294	2	0	0	0	0	0	0	0	3	0	0	0	0	0	0	0	0	0	0	12	16	0	0	0	1	0	0
input/NOS/TRE_R11-CiviliteExercice-FHIR.json	4791	2	0	0	0	0	0	0	0	2	0	0	0	0	0	0	0	0	0	0	14	16	0	0	0	0	0	0
input/NOS/TRE_R14-TypeDiplome-FHIR.json	11237	2	0	0	0	0	0	0	1	4	0	0	0	0	0	0	0	0	0	0	21	17	0	0	0	0	0	0
input/NOS/TRE_R16-LieuFormation-FHIR.json	870501	55	0	0	1	0	0	0	21	145	0	0	1	0	0	0	0	6	0	0	1018	438	0	0	0	56	0	5
input/NOS/TRE_R17-TypeAutorisation-FHIR.json	36307	4	0	0	0	0	0	0	1	9	0	0	0	0	0	0	0	1	0	0	54	24	0	0	0	3	0	0
input/NOS/TRE_R18-DisciplineAutorisation-FHIR.json	27604	3	0	0	0	0	0	0	1	5	0	0	0	0	0	0	0	0	0	0	38	22	0	0	0	1	0	0
input/NOS/TRE_R20-Pays-FHIR.json	151866	9	0	0	0	0	0	0	3	19	0	0	0	0	0	0	0	1	0	0	166	57	0	0	0	11	0	1
input/NOS/TRE_R200-CanalCommunication-FHIR.json	6650	2	0	0	1	0	0	0	0	3	0	0	0	0	0	0	0	0	0	0	16	16	0	0	0	1	0	0
input/NOS/TRE_R201-TypeDivisionTerritoriale-FHIR.json	4776	2	0	0	0	0	0	0	0	3	0	0	0	0	0	0	0	0	0	0	14	16	0	0	0	0	0	0
input/NOS/TRE_R202-AccessibiliteLieu-FHIR.json	4740	2	0	0	0	0	0	0	1	3	0	0	0	0	0	0	0	0	0	0	13	22	0	0	0	1	0	0
input/NOS/TRE_R203-StatutLieu-FHIR.json	2906	2	0	0	0	0	0	0	0	2	0	0	0	0	0	0	0	0	0	0	12	16	0	0	0	0	0	0
input/NOS/TRE_R204-DirectionLongitude-FHIR.json	2312	1	0	0	0	0	0	0	0	3	0	0	0	0	0	0	0	0	0	0	12	16	0	0	0	0	0	0
input/NOS/TRE_R205-DirectionLatitude-FHIR.json	2305	2	0	0	0	0	0	0	0	2	0	0	0	0	0	0	0	0	0	0	11	17	0	0	0	1	0	0
input/NOS/TRE_R206-TypeContact-FHIR.json	2876	2	0	0	0	0	0	0	0	4	0	0	0	0	0	0	0	0	0	0	11	23	0	0	1	0	0	0
input/NOS/TRE_R207-TypeOrganisationInterne-FHIR.json	3609	2	0	0	0	0	0	0	0	2	0	0	0	0	0	0	0	0	0	0	13	17	0	0	0	0	0	0
input/NOS/TRE_R208-ClasseAge-FHIR.json	6160	2	0	0	0	0	0	0	0	3	0	0	0	0	0	0	0	0	0	0	16	17	0	0	0	1	0	0
input/NOS/TRE_R209-TypeActivite-FHIR.json	35999	3	0	0	0	0	0	0	1	6	0	0	0	0	0	0	0	0	0	0	47	25	0	0	0	2	0	1
input/NOS/TRE_R21-Fonction-FHIR.json	38005	3	0	0	1	0	0	0	1	6	0	0	0	0	0	0	0	1	0	0	53	26	0	0	0	3	0	0
input/NOS/TRE_R210-ActeSpecifique-FHIR.json	1088904	56	0	0	0	0	0	0	22	285	0	0	1	0	0	0	0	7	0	0	1286	546	0	0	0	81	0	5
input/NOS/TRE_R211-ActiviteOperationnelle-FHIR.json	428991	22	0	0	0	0	0	0	8	60	0	0	0	0	0	0	0	2	0	0	530	252	0	0	0	26	0	2
input/NOS/TRE_R212-Equipement-FHIR.json	158998	9	0	0	1	0	0	0	4	19	0	0	0	0	0	0	0	1	0	0	182	62	0	0	0	9	0	1
input/NOS/TRE_R213-ModePriseEnCharge-FHIR.json	43625	4	0	0	0	0	0	0	0	6	0	0	0	0	0	0	0	1	0	0	59	26	0	0	0	2	0	0
input/NOS/TRE_R214-SpecialiteUnite-FHIR.json	46372	4	0	0	0	0	0	0	1	7	0	0	0	0	0	0	0	0	0	0	58	27	0	0	0	2	0	0
input/NOS/TRE_R215-UniteTemps-FHIR.json	5989	2	0	0	0	0	0	0	1	3	0	0	0	0	0	0	0	0	0	0	16	24	0	0	0	0	0	0
input/NOS/TRE_R216-HL7RoleCode-FHIR.json	76322	5	0	0	0	0	0	0	1	9	0	0	0	0	0	0	0	1	0	0	90	36	0	0	0	4	0	1
input/NOS/TRE_R217-ProtectionJuridique-FHIR.json	2966	2	0	0	0	0	0	0	0	3	0	0	0	0	0	0	0	0	0	0	12	16	0	0	0	0	0	0
input/NOS/TRE_R218-ModeAuthentification-FHIR.json	3099	1	0	0	0	0	0	0	0	3	0	0	0	0	0	0	0	0	0	0	13	15	0	0	0	0	0	0
input/NOS/TRE_R219-AutreResponsableConsent-FHIR.json	1746	2	0	0	0	0	0	0	0	4	0	0	0	0	0	0	0	0	0	0	12	15	0	0	0	0	0	0
input/NOS/TRE_R22-GenreActivite-FHIR.json	12180	2	0	0	1	0	0	0	1	7	0	0	0	0	0	0	0	0	0	0	24	17	0	0	0	1	0	0
input/NOS/TRE_R220-ModeleDocumentCDAStructure-FHIR.json	62728	5	0	0	0	0	0	0	1	15	0	0	0	0	0	0	0	0	0	0	85	31	0	0	0	3	0	0
input/NOS/TRE_R221-ModeleDocumentCDANonStructure-FHIR.json	1877	1	0	0	0	0	0	0	0	5	0	0	0	0	0	0	0	0	0	0	11	15	0	0	0	0	0	0
input/NOS/TRE_R222-MediaTypeCorpsCDANonStructure-FHIR.json	4672	2	0	0	0	0	0	0	0	5	0	0	0	0	0	0	0	0	0	0	14	16	0	0	0	0	0	0
input/NOS/TRE_R223-NatCycleForm-FHIR.json	3011	2	0	0	0	0	0	0	0	4	0	0	0	0	0	0	0	0	0	0	12	15	0	0	0	0	0	0
input/NOS/TRE_R224-NiveauFormAcquis-FHIR.json	10883	63	0	0	0	0	0	0	0	3	0	0	0	0	0	0	0	0	0	0	22	17	0	0	0	1	0	0
input/NOS/TRE_R225-AnneeUniversitaire-FHIR.json	12992	3	0	0	0	0	0	0	1	4	0	0	0	0	0	0	0	0	0	0	23	17	0	0	0	0	0	0
input/NOS/TRE_R226-Dip2iemeCycleNQ-FHIR.json	2518	2	0	0	0	0	0	0	0	2	0	0	0	0	0	0	0	0	0	0	13	14	0	0	0	1	0	0
input/NOS/TRE_R227-ChampActivite-FHIR.json	4214	2	0	0	1	0	0	0	0	3	0	0	0	0	0	0	0	0	0	0	13	16	0	0	0	0	0	0
input/NOS/TRE_R228-UnitePrix-FHIR.json	3528	1	0	0	0	0	0	0	0	3	0	0	0	0	0	0	0	0	0	0	13	14	0	0	0	0	0	0
input/NOS/TRE_R23-ModeExercice-FHIR.json	2973	2	0	0	0	0	0	0	0	2	0	0	0	0	0	0	0	0	0	0	12	15	0	0	0	0	0	0
input/NOS/TRE_R230-Devise-FHIR.json	1638	2	0	0	0	0	0	0	0	3	0	0	0	0	0	0	0	0	0	0	11	14	0	0	0	1	0	0
input/NOS/TRE_R231-PalierAuthentification-FHIR.json	6658	2	0	0	0	0	0	0	0	3	0	0	0	0	0	0	0	1	0	0	18	15	0	0	0	0	0	0
input/NOS/TRE_R232-TypeFermetureEJ-FHIR.json	3311	2	0	0	0	0	0	0	0	2	0	0	0	0	0	0	0	0	0	0	13	14	0	0	0	0	0	0
input/NOS/TRE_R233-TypeFermetureEG-FHIR.json	4843	2	0	0	0	0	0	0	0	3	0	0	0	0	0	0	0	0	0	0	14	16	0	0	0	0	0	0
input/NOS/TRE_R234-TypeNote-FHIR.json	4179	1	0	0	0	0	0	0	1	3	0	0	0	0	0	0	0	0	0	0	14	14	0	0	0	1	0	0
input/NOS/TRE_R236-ModeGestion-FHIR.json	2287	2	0	0	0	0	0	0	0	2	0	0	0	0	0	0	0	0	0	0	12	14	0	0	0	0	0	0
input/NOS/TRE_R237-GroupeTarifaireDependance-FHIR.json	2946	2	0	0	1	0	0	0	0	3	0	0	0	0	0	0	0	0	0	0	12	16	0	0	0	0	0	0
input/NOS/TRE_R238-OuvertureAnnuelle-FHIR.json	4514	2	0	0	0	0	0	0	0	2	0	0	0	0	0	0	0	0	0	0	13	15	0	0	0	0	0	1
input/NOS/TRE_R239-PublicPrisEnCharge-FHIR.json	7092	2	0	0	0	0	0	0	0	3	0	0	0	0	0	0	0	0	0	0	16	16	0	0	0	1	0	0
input/NOS/TRE_R24-TypeActiviteLiberale-FHIR.json	4964	2	0	0	0	0	0	0	0	3	0	0	0	0	0	0	0	0	0	0	14	16	0	0	0	0	0	0
input/NOS/TRE_R240-TemporaliteAccueil-FHIR.json	2317	2	0	0	0	0	0	0	0	3	0	0	0	0	0	0	0	0	0	0	11	14	0	0	0	0	0	0
input/NOS/TRE_R241-AideFinanciere-FHIR.json	3219	1	0	0	0	0	0	0	0	2	0	0	0	0	0	0	0	0	0	0	13	14	0	0	0	0	0	0
input/NOS/TRE_R242-TypeHabitation-FHIR.json	5227	2	0	0	0	0	0	0	0	3	0	0	0	0	0	0	0	0	0	0	14	16	0	0	0	1	0	0
input/NOS/TRE_R243-CompetenceSpecifique-FHIR.json	41974	4	0	0	0	0	0	0	1	6	0	0	0	0	0	0	0	0	0	0	54	26	0	0	0	1	0	0
input/NOS/TRE_R244-CategorieOrganisation-FHIR.json	167168	9	0	0	0	0	0	0	4	28	0	0	0	0	0	0	0	1	0	0	196	63	0	0	0	9	0	1
input/NOS/TRE_R245-SpecialisationDePriseEnCharge-FHIR.json	46148	4	0	0	1	0	0	0	1	7	0	0	0	0	0	0	0	1	0	0	61	27	0	0	0	2	0	0
input/NOS/TRE_R246-TypeTarif-FHIR.json	5581	2	0	0	0	0	0	0	0	3	0	0	0	0	0	0	0	0	0	0	15	15	0	0	0	0	0	0
input/NOS/TRE_R248-ModeAcces-FHIR.json	3058	2	0	0	0	0	0	0	0	2	0	0	0	0	0	0	0	0	0	0	12	14	0	0	0	0	0	0
input/NOS/TRE_R249-Sexe-FHIR.json	4195	1	0	0	0	0	0	0	0	3	0	0	0	0	0	0	0	0	0	0	14	16	0	0	0	1	0	0
input/NOS/TRE_R25-MotifFinActivite-FHIR.json	6790	2	0	0	2	0	0	0	0	3	0	0	0	0	0	0	0	0	0	0	19	16	0	0	0	0	0	0
input/NOS/TRE_R250-ConditionTarifaire-FHIR.json	3021	2	0	0	0	0	0	0	1	2	0	0	0	0	0	0	0	0	0	0	12	15	0	0	0	0	0	0
input/NOS/TRE_R251-FonctionContact-FHIR.json	19348	3	0	0	0	0	0	0	0	4	0	0	0	0	0	0	0	0	0	0	29	19	0	0	0	1	0	0
input/NOS/TRE_R252-TypeHoraire-FHIR.json	8419	2	0	0	0	0	0	0	0	3	0	0	0	0	0	0	0	0	0	0	19	17	0	0	0	0	0	0
input/NOS/TRE_R253-TypeMaternite-FHIR.json	3574	2	0	0	0	0	0	0	0	3	0	0	0	0	0	0	0	0	0	0	13	14	0	0	0	0	0	0
input/NOS/TRE_R254-TypeEvenement-FHIR.json	15780	2	0	0	0	0	0	0	1	3	0	0	0	0	0	0	0	0	0	0	26	18	0	0	0	1	0	0
input/NOS/TRE_R255-FluxStandardise-FHIR.json	3886	2	0	0	0	0	1	0	0	3	0	0	0	0	0	0	0	0	0	0	13	15	0	0	0	0	0	0
input/NOS/TRE_R256-TypeMessagerie-FHIR.json	3964	2	0	0	0	0	0	0	0	3	0	0	0	0	0	0	0	0	0	0	16	14	0	0	0	1	0	0
input/NOS/TRE_R257-TypeBAL-FHIR.json	3678	1	0	0	0	0	0	0	0	2	0	0	0	0	0	0	0	0	0	0	14	15	0	0	0	0	0	0
input/NOS/TRE_R258-RelationPriseCharge-FHIR.json	5260	2	0	0	1	0	0	0	0	3	0	0	0	0	0	0	0	0	0	0	16	15	0	0	0	0	0	0
input/NOS/TRE_R259-HL7ParticipationFunction-FHIR.json	3802	2	0	0	0	0	0	0	0	2	0	0	0	0	0	0	0	0	0	0	13	15	0	0	0	1	0	0
input/NOS/TRE_R260-HL7RoleClass-FHIR.json	7551	2	0	0	0	0	0	0	1	3	0	0	0	0	0	0	0	0	0	0	18	16	0	0	0	0	0	0
input/NOS/TRE_R261-AutreSalarieStructureSante-FHIR.json	2765	2	0	0	0	0	0	0	0	3	0	0	0	0	0	0	0	0	0	0	12	13	0	0	0	0	0	0
input/NOS/TRE_R262-CategorieSocioProfessionnelle-FHIR.json	6339	2	0	0	0	0	0	0	0	2	0	0	0	0	0	0	0	0	0	0	17	16	0	0	0	1	0	0
input/NOS/TRE_R263-TypeNumeroIdentification-FHIR.json	5562	2	0	0	0	0	0	0	0	3	0	0	0	0	0	0	0	0	0	0	15	14	0	0	0	0	0	0
input/NOS/TRE_R264-PrestationNonObligatoireIncluse-FHIR.json	8609	2	0	0	0	0	0	0	0	3	0	0	0	0	0	0	0	0	0	0	20	16	0	0	0	0	0	0
input/NOS/TRE_R265-PrestationPilotageSerafin-FHIR.json	51162	4	0	0	0	0	0	0	1	7	0	0	1	0	0	0	0	1	0	0	67	32	0	0	0	2	0	1
input/NOS/TRE_R266-FamilleActiviteOperationnelleHorsSerafin-FHIR.json	3856	2	0	0	0	0	0	0	1	3	0	0	0	0	0	0	0	0	0	0	15	18	0	0	0	1	0	0
input/NOS/TRE_R267-SexeProvenanceISO-FHIR.json	3573	1	0	0	1	0	0	0	0	3	0	0	0	0	0	0	0	0	0	0	13	16	0	0	0	0	0	0
input/NOS/TRE_R268-PaysProvenanceISO-FHIR.json	158345	10	0	0	0	0	0	0	4	17	0	0	0	0	0	0	0	1	0	0	177	63	0	0	0	7	0	0
input/NOS/TRE_R269-AvailabilityStatusProvenanceOasis-FHIR.json	2530	2	0	0	0	0	0	0	0	5	0	0	0	0	0	0	0	0	0	0	11	22	0	0	0	0	0	0
input/NOS/TRE_R270-AvailabilityStatus-FHIR.json	2446	1	0	0	0	0	0	0	0	5	0	0	0	0	0	0	0	0	0	0	12	18	0	0	0	0	0	0
input/NOS/TRE_R271-TypeRequete-FHIR.json	4974	2	0	0	0	0	0	0	0	5	0	0	0	0	0	0	0	0	0	0	15	15	0	0	0	1	0	0
input/NOS/TRE_R272-EquipementMaterielLourd-FHIR.json	6487	2	0	0	0	0	0	0	0	3	0	0	0	0	0	0	0	0	0	0	15	15	0	0	0	0	0	0
input/NOS/TRE_R274-ActiviteSanitaireRegulee-FHIR.json	44306	4	0	0	0	0	0	0	2	6	0	0	0	0	0	0	0	0	0	0	58	26	0	0	0	2	0	1
input/NOS/TRE_R275-ModaliteActivite-FHIR.json	122511	7	0	0	1	0	0	0	3	14	0	0	0	0	0	0	0	1	0	0	142	52	0	0	0	5	0	0
input/NOS/TRE_R276-FormeActivite-FHIR.json	26664	3	0	0	0	0	0	0	0	4	0	0	0	0	0	0	0	0	0	0	38	21	0	0	0	1	0	0
input/NOS/TRE_R277-CategorieActiviteSanitaireRegulee-FHIR.json	3200	2	0	0	0	0	0	0	1	3	0	0	0	0	0	0	0	0	0	0	16	16	0	0	0	1	0	0
input/NOS/TRE_R278-FinessConvention-FHIR.json	25330	3	0	0	0	0	0	0	0	4	0	0	0	0	0	0	0	1	0	0	38	21	0	0	0	1	0	0
input/NOS/TRE_R279-Clientele-FHIR.json	90907	6	0	0	0	0	0	0	2	18	0	0	0	0	0	0	0	0	0	0	108	40	0	0	0	4	0	1
input/NOS/TRE_R280-DisciplineEquipementSocial-FHIR.json	96180	5	0	0	0	0	0	0	3	11	0	0	0	0	0	0	0	1	0	0	124	40	0	0	0	4	0	0
input/NOS/TRE_R281-DisciplineEnseignement-FHIR.json	38416	4	0	0	0	0	0	0	1	6	0	0	0	0	0	0	0	0	0	0	52	27	0	0	0	1	0	0
input/NOS/TRE_R282-CNAMAmeliSecteurConventionnement-FHIR.json	3838	2	0	0	0	0	0	0	0	5	0	0	0	0	0	0	0	0	0	0	15	16	0	0	0	1	0	0
input/NOS/TRE_R283-NiveauConfidentialite-FHIR.json	3005	1	0	0	1	0	0	0	0	5	0	0	0	0	0	0	0	0	0	0	14	15	0	0	0	0	0	0
input/NOS/TRE_R284-NiveauRecoursORSAN-FHIR.json	3805	2	0	0	0	0	0	0	0	4	0	1	0	0	0	0	0	0	0	0	15	22	0	0	0	0	0	1
input/NOS/TRE_R285-TraitementDocument-FHIR.json	1792	2	0	0	0	0	0	0	0	2	0	0	0	0	0	0	0	0	0	0	12	16	0	0	0	0	0	0
input/NOS/TRE_R286-TypeFermeture-FHIR.json	4862	2	0	0	0	0	0	0	0	3	0	0	0	0	0	0	0	0	0	0	15	17	0	0	0	1	0	0
input/NOS/TRE_R287-NatureContact-FHIR.json	11730	2	0	0	0	0	0	0	1	3	0	0	0	0	0	0	0	0	0	0	21	16	0	0	0	0	0	0
input/NOS/TRE_R288-TypeProfession-FHIR.json	4935	2	0	0	0	0	0	0	0	3	0	0	0	0	0	0	0	0	0	0	15	15	0	0	0	1	0	0
input/NOS/TRE_R289-TypeFonction-FHIR.json	5140	2	0	0	0	0	0	0	0	3	0	0	0	0	0	0	0	0	0	0	15	15	0	0	0	0	0	0
input/NOS/TRE_R290-RoleAdmTechSanitaireSocial-FHIR.json	1870	2	0	0	0	0	0	0	0	2	0	0	0	0	0	0	0	0	0	0	16	13	0	0	0	0	0	0
input/NOS/TRE_R291-AutreProfession-FHIR.json	2663	2	0	0	1	0	0	0	0	3	0	0	0	0	0	0	0	0	0	0	12	14	0	0	0	0	0	0
input/NOS/TRE_R292-INSEECategorieSocioProfessionnelleAgrNiv1-FHIR.json	6366	2	0	0	0	0	0	0	0	2	0	0	0	0	0	0	0	1	0	0	16	15	0	0	0	1	0	0
input/NOS/TRE_R293-AgregatClienteleNiv2-FHIR.json	6368	2	0	0	0	0	0	0	0	3	0	0	0	0	0	0	0	0	0	0	15	16	0	0	0	0	0	0
input/NOS/TRE_R294-AgregatClienteleNiv3-FHIR.json	14899	2	0	0	0	0	0	0	1	4	0	0	0	0	0	0	0	0	0	0	26	20	0	0	0	1	0	0
input/NOS/TRE_R295-AgregatDisciplineEnseignNiv1-FHIR.json	1843	2	0	0	0	0	0	0	0	2	0	0	0	0	0	0	0	0	0	0	11	14	0	0	0	0	0	0
input/NOS/TRE_R296-AgregatDisciplineEnseignNiv2-FHIR.json	1862	2	0	0	0	0	0	0	0	3	0	0	0	0	0	0	0	0	0	0	11	14	0	0	0	0	0	0
input/NOS/TRE_R297-AgregatDisciplineEnseignNiv3-FHIR.json	3888	1	0	0	0	0	0	0	0	2	0	0	0	0	0	0	0	0	0	0	14	14	0	0	0	0	0	0
input/NOS/TRE_R298-AgregatDisciplineEquipSocNiv1-FHIR.json	1873	2	0	0	0	0	0	0	0	2	0	0	0	0	0	0	0	0	0	0	14	15	0	0	0	1	0	0
input/NOS/TRE_R299-AgregatDisciplineEquipSocNiv2-FHIR.json	5694	2	0	0	0	0	0	0	0	3	0	0	0	0	0	0	0	0	0	0	17	14	0	0	0	0	0	0
input/NOS/TRE_R30-RegionOM-FHIR.json	31553	3	0	0	1	0	0	0	1	5	0	0	0	0	0	0	0	0	0	0	41	24	0	0	0	1	0	0
input/NOS/TRE_R300-AgregatDisciplineEquipSocNiv3-FHIR.json	16967	3	0	0	0	0	0	0	0	4	0	0	0	0	0	0	0	0	0	0	27	19	0	0	0	1	0	0
input/NOS/TRE_R301-SourceInformationInstallation-FHIR.json	7487	2	0	0	0	0	0	0	1	2	0	0	0	0	0	0	0	0	0	0	16	15	0	0	0	0	0	0
input/NOS/TRE_R302-ContexteCodeComplementaire-FHIR.json	4432	2	0	0	0	0	0	0	0	3	0	0	0	0	0	0	0	0	0	0	14	15	0	0	0	0	0	0
input/NOS/TRE_R303-HL7v3AdministrativeGender-FHIR.json	3815	1	0	0	0	0	0	0	0	3	0	0	0	0	0	0	0	0	0	0	12	13	0	0	0	1	0	0
input/NOS/TRE_R304-HL7v3ActCode-FHIR.json	5161	2	0	0	0	0	0	0	0	2	0	0	0	0	0	0	0	0	0	0	14	14	0	0	0	0	0	0
input/NOS/TRE_R305-TypeRencontre-FHIR.json	2426	2	0	0	0	0	0	0	0	3	0	0	0	0	0	0	0	0	0	0	10	14	0	0	0	0	0	0
input/NOS/TRE_R31-StatutEtatCivil-FHIR.json	6908	2	0	0	0	0	0	0	0	5	0	0	0	0	0	0	0	0	0	0	17	15	0	0	0	1	0	0
input/NOS/TRE_R314-TypeCreneau-FHIR.json	5430	2	0	0	1	0	0	0	0	6	0	0	0	0	0	0	0	0	0	0	17	14	0	0	0	0	0	0
input/NOS/TRE_R316-AutreCategorieEtablissement-FHIR.json	2318	2	0	0	0	0	0	0	0	3	0	0	0	0	0	0	0	0	0	0	13	13	0	0	0	0	0	0
input/NOS/TRE_R317-SituationVieQuotidienne-FHIR.json	3875	2	0	0	0	0	0	0	0	3	0	0	0	0	0	0	0	0	0	0	15	15	0	0	0	0	0	0
input/NOS/TRE_R318-BesoinAideMobilite-FHIR.json	5638	1	0	0	0	0	0	0	1	3	0	0	0	0	0	0	0	0	0	0	17	16	0	0	0	1	0	0
input/NOS/TRE_R319-BesoinAideVieSociale-FHIR.json	5580	2	0	0	0	0	0	0	0	3	0	0	0	0	0	0	0	1	0	0	16	15	0	0	0	0	0	0
input/NOS/TRE_R32-StatutHospitalier-FHIR.json	14396	3	0	0	0	0	0	0	0	4	0	0	0	0	0	0	0	0	0	0	25	17	0	0	0	1	0	0
input/NOS/TRE_R320-BesoinCommunication-FHIR.json	3376	1	0	0	0	0	0	0	0	2	0	0	0	0	0	0	0	0	0	0	14	15	0	0	0	0	0	0
input/NOS/TRE_R321-BesoinEntretienPersonnel-FHIR.json	4066	2	0	0	0	0	0	0	0	3	0	0	0	0	0	0	0	0	0	0	15	22	0	0	0	0	0	0
input/NOS/TRE_R322-BesoinMobilite-FHIR.json	3526	2	0	0	1	0	0	0	0	2	0	0	0	0	0	0	0	0	0	0	13	15	0	0	0	0	0	1
input/NOS/TRE_R323-BesoinScolarite-FHIR.json	5553	2	0	0	0	0	0	0	1	3	0	0	0	0	0	0	0	0	0	0	31	20	0	0	0	1	0	0
input/NOS/TRE_R324-BesoinSoutienProjetProfessionnel-FHIR.json	5057	2	0	0	0	0	0	0	0	3	0	0	0	0	0	0	0	0	0	0	14	16	0	0	0	0	0	0
input/NOS/TRE_R325-SituationProfessionnelle-FHIR.json	2544	2	0	0	0	0	0	0	0	2	0	0	0	0	0	0	0	0	0	0	11	15	0	0	0	0	0	0
input/NOS/TRE_R326-SituationSansEmploi-FHIR.json	3188	1	0	0	0	0	0	0	0	3	0	0	0	0	0	0	0	0	0	0	13	14	0	0	0	0	0	0
input/NOS/TRE_R327-TypeDecision-FHIR.json	5322	2	0	0	0	0	0	0	0	3	0	0	0	0	0	0	0	0	0	0	15	14	0	0	0	1	0	0
input/NOS/TRE_R328-TypeScolarisation-FHIR.json	3214	2	0	0	0	0	0	0	0	2	0	0	0	0	0	0	0	0	0	0	16	14	0	0	0	0	0	0
input/NOS/TRE_R329-NatureCapacite-FHIR.json	2317	2	0	0	0	0	0	0	0	3	0	0	0	0	0	0	0	0	0	0	18	15	0	0	0	0	0	0
input/NOS/TRE_R33-StatutInscription-FHIR.json	3535	2	0	0	1	0	0	0	0	2	0	0	0	0	0	0	0	0	0	0	14	14	0	0	0	0	0	0
input/NOS/TRE_R330-TypeStatutCapacite-FHIR.json	5469	2	0	0	0	0	0	0	0	3	0	0	0	0	0	0	0	0	0	0	15	15	0	0	0	1	0	0
input/NOS/TRE_R331-TemporaliteCapacite-FHIR.json	4507	1	0	0	0	0	0	0	0	3	0	0	0	0	0	0	0	0	0	0	13	15	0	0	0	0	0	0
input/NOS/TRE_R332-GenreCapacite-FHIR.json	3575	2	0	0	0	0	0	0	1	2	0	0	0	0	0	0	0	0	0	0	12	15	0	0	0	0	0	0
input/NOS/TRE_R333-TypeFermetureCapacite-FHIR.json	3132	2	0	0	0	0	0	0	0	3	0	0	0	0	0	0	0	0	0	0	11	14	0	0	0	0	0	0
input/NOS/TRE_R334-TypeLitSupplementaire-FHIR.json	3245	2	0	0	0	0	0	0	0	2	0	0	0	0	0	0	0	0	0	0	13	14	0	0	0	1	0	0
input/NOS/TRE_R335-TypeSourceCapacite-FHIR.json	3708	2	0	0	0	0	0	0	0	3	0	0	0	0	0	0	0	0	0	0	13	15	0	0	0	0	0	0
input/NOS/TRE_R336-TypeCrise-FHIR.json	2447	2	0	0	0	0	0	0	0	2	0	0	0	0	0	0	0	0	0	0	10	14	0	0	0	0	0	0
input/NOS/TRE_R337-AffectationTemporaire-FHIR.json	3122	1	0	0	1	0	0	0	0	3	0	0	0	0	0	0	0	0	0	0	13	15	0	0	0	0	0	0
input/NOS/TRE_R338-ModaliteAccueil-FHIR.json	12339	3	0	0	0	0	0	0	0	3	0	0	0	0	0	0	0	0	0	0	24	17	0	0	0	1	0	0
input/NOS/TRE_R34-StatutProfessionnelSSA-FHIR.json	3657	1	0	0	0	0	0	0	0	2	0	0	0	0	0	0	0	0	0	0	12	14	0	0	0	0	0	0
input/NOS/TRE_R340-TypeCaracteristiqueEquipement-FHIR.json	2544	2	0	0	0	0	0	0	0	3	0	0	0	0	0	0	0	0	0	0	13	15	0	0	0	0	0	0
input/NOS/TRE_R341-StatutCommunication-FHIR.json	1833	2	0	0	0	0	0	0	0	2	0	0	0	0	0	0	0	0	0	0	10	14	0	0	0	1	0	0
input/NOS/TRE_R342-XdsTypesIdentifiantsReferenceId-FHIR.json	6408	2	0	0	0	0	0	0	1	3	0	0	0	0	0	0	0	0	0	0	16	15	0	0	0	0	0	0
input/NOS/TRE_R343-FonctionLieu-FHIR.json	1708	2	0	0	0	0	0	0	0	2	0	0	0	0	0	0	0	0	0	0	10	13	0	0	0	0	0	0
input/NOS/TRE_R344-NiveauExpertise-FHIR.json	25017	2	0	0	0	0	0	0	0	5	0	0	0	0	0	0	0	1	0	0	37	21	0	0	0	1	0	0
input/NOS/TRE_R345-TypeIdentifiantAutre-FHIR.json	2649	2	0	0	1	0	0	0	0	2	0	0	0	0	0	0	0	0	0	0	13	14	0	0	0	0	0	0
input/NOS/TRE_R348-FormationSpecialiseeTransversale-FHIR.json	18577	3	0	0	0	0	0	0	1	4	0	0	0	0	0	0	0	0	0	0	31	19	0	0	0	1	0	0
input/NOS/TRE_R349-ActionAnomalie-FHIR.json	2937	1	0	0	0	0	0	0	0	2	0	0	0	0	0	0	0	0	0	0	13	14	0	0	0	0	0	0
input/NOS/TRE_R35-TypeVoie-FHIR.json	130994	10	0	0	0	0	0	0	3	16	0	0	0	0	0	0	0	1	0	0	144	52	0	0	0	6	0	1
input/NOS/TRE_R350-ThematiqueAnomalie-FHIR.json	4767	2	0	0	0	0	0	0	0	3	0	0	0	0	0	0	0	0	0	0	13	15	0	0	0	0	0	0
input/NOS/TRE_R352-StatutMetierAnomalie-FHIR.json	7977	2	0	0	0	0	0	0	1	3	0	0	0	0	0	0	0	0	0	0	16	17	0	0	0	0	0	0
input/NOS/TRE_R354-TypeIdentifiantRessourceOperationnelle-FHIR.json	3013	1	0	0	0	0	0	0	0	3	0	0	0	0	0	0	0	0	0	0	12	14	0	0	0	1	0	0
input/NOS/TRE_R355-TypeIdentifiantOffre-FHIR.json	2657	2	0	0	1	0	0	0	0	3	0	0	0	0	0	0	0	0	0	0	11	14	0	0	0	0	0	0
input/NOS/TRE_R356-ProfessionRessource-FHIR.json	61808	5	0	0	0	0	0	0	1	7	0	0	0	0	0	0	0	0	0	0	74	31	0	0	0	2	0	0
input/NOS/TRE_R357-StatutPersonnePriseCharge-FHIR.json	17801	2	0	0	0	0	0	0	1	4	0	0	0	0	0	0	0	0	0	0	27	22	0	0	0	1	0	0
input/NOS/TRE_R358-MotifStatutPersonnePriseCharge-FHIR.json	35318	4	0	0	0	0	0	0	1	5	0	0	0	0	0	0	0	1	0	0	50	24	0	0	0	1	0	0
input/NOS/TRE_R359-SurspecialiteTransversale-FHIR.json	18429	2	0	0	0	0	0	0	0	4	0	0	0	0	0	0	0	0	0	0	28	19	0	0	0	1	0	1
input/NOS/TRE_R36-AutreDiplomeObtenu-FHIR.json	63259	5	0	0	0	0	0	0	2	8	0	0	0	0	0	0	0	0	0	0	79	32	0	0	0	3	0	0
input/NOS/TRE_R368-StatutRessource-FHIR.json	4850	1	0	0	0	0	0	0	0	2	0	0	0	0	0	0	0	0	0	0	16	15	0	0	0	0	0	0
input/NOS/TRE_R369_ProfilUtilisateurReferentielNational-FHIR.json	7660	2	0	0	1	0	0	0	0	3	0	0	0	0	0	0	0	0	0	0	21	17	0	0	0	0	0	0
input/NOS/TRE_R37-TypeProfessionFonction-FHIR.json	8414	3	0	0	0	0	0	0	0	3	0	0	0	0	0	0	0	0	0	0	18	17	0	0	0	1	0	0
input/NOS/TRE_R38-SpecialiteOrdinale-FHIR.json	77204	4	0	0	0	0	0	0	2	9	0	0	0	0	0	0	0	1	0	0	98	35	0	0	0	3	0	0
input/NOS/TRE_R39-Competence-FHIR.json	28671	2	0	0	0	0	0	0	1	5	0	0	0	0	0	0	0	0	0	0	39	23	0	0	0	1	0	0
input/NOS/TRE_R40-CompetenceExclusive-FHIR.json	3700	2	0	0	0	0	0	0	0	2	0	0	0	0	0	0	0	0	0	0	13	15	0	0	0	0	0	0
input/NOS/TRE_R42-DESCnonQualifiant-FHIR.json	28642	3	0	0	0	0	0	0	1	5	0	0	0	0	0	0	0	0	0	0	39	22	0	0	0	1	0	1
input/NOS/TRE_R43-CapaciteSavoirFaire-FHIR.json	11804	3	0	0	0	0	0	0	0	3	0	0	0	0	0	0	0	0	0	0	22	17	0	0	0	1	0	0
input/NOS/TRE_R44-QualificationPAC-FHIR.json	1817	1	0	0	0	0	0	0	0	3	0	0	0	0	0	0	0	0	0	0	10	15	0	0	0	0	0	0
input/NOS/TRE_R45-FonctionQualifiee-FHIR.json	4720	2	0	0	1	0	0	0	0	2	0	0	0	0	0	0	0	0	0	0	14	17	0	0	0	0	0	0
input/NOS/TRE_R46-SpecialiteConcoursHospitalier-FHIR.json	47201	4	0	0	0	0	0	0	1	6	0	0	0	0	0	0	0	1	0	0	59	27	0	0	0	2	0	0
input/NOS/TRE_R48-DiplomeEtatFrancais-FHIR.json	29126	3	0	0	0	0	0	0	1	5	0	0	0	0	0	0	0	0	0	0	42	23	0	0	0	1	0	0
input/NOS/TRE_R49-DiplomeEtudeSpecialisee-FHIR.json	83941	5	0	0	0	0	0	0	2	11	0	0	0	0	0	0	0	0	0	0	105	141	0	0	0	4	0	0
input/NOS/TRE_R50-DESCGroupe1Diplome-FHIR.json	30095	3	0	0	0	0	0	0	0	5	0	0	0	0	0	0	0	1	0	0	42	28	0	0	0	1	0	1
input/NOS/TRE_R51-DESCGroupe2Diplome-FHIR.json	9188	2	0	0	0	0	0	0	0	3	0	0	0	0	0	0	0	0	0	0	19	17	0	0	0	1	0	0
input/NOS/TRE_R52-CapaciteDiplome-FHIR.json	12179	3	0	0	0	0	0	0	1	4	0	0	1	0	0	0	0	0	0	0	24	18	0	0	0	0	0	0
input/NOS/TRE_R53-DiplomePaysEEE-FHIR.json	6807	3	0	0	1	0	0	0	0	2	0	0	0	0	0	0	0	0	0	0	18	15	0	0	0	1	0	0
input/NOS/TRE_R54-DiplomeUniversiteInterUniversitaire-FHIR.json	131395	16	0	0	0	0	0	0	3	15	0	0	0	0	0	0	0	1	0	0	157	49	0	0	0	6	0	0
input/NOS/TRE_R55-CertificatEtudeSpeciale-FHIR.json	34663	6	0	0	0	0	0	0	0	6	0	0	0	0	0	0	0	0	0	0	50	28	0	0	0	1	0	0
input/NOS/TRE_R56-Attestation-FHIR.json	12856	5	0	0	0	0	0	0	1	3	0	0	0	0	0	0	0	0	0	0	23	29	0	0	0	1	0	0
input/NOS/TRE_R57-DiplomeEuropeenEtudeSpecialisee-FHIR.json	54091	8	0	0	0	0	0	0	1	78	0	0	0	0	0	0	0	0	0	0	70	29	0	0	0	2	0	1
input/NOS/TRE_R58-AutreTypeDiplome-FHIR.json	72222	5	0	0	0	0	0	0	1	9	0	0	0	0	0	0	0	1	0	0	94	32	0	0	0	3	0	0
input/NOS/TRE_R60-AutoriteEnregistrement-FHIR.json	31957	3	0	0	1	0	0	0	1	6	0	0	0	0	0	0	0	0	0	0	44	23	0	0	0	2	0	0
input/NOS/TRE_R62-Domaine-FHIR.json	4200	2	0	0	0	0	0	0	0	2	0	0	0	0	0	0	0	0	0	0	13	15	0	0	0	0	0	0
input/NOS/TRE_R63-AgregatCategorieEtablissementNiv1-FHIR.json	6192	2	0	0	0	0	0	0	0	3	0	0	0	0	0	0	0	0	0	0	15	16	0	0	0	0	0	0
input/NOS/TRE_R64-AgregatCategorieEtablissementNiv2-FHIR.json	14550	2	0	0	0	0	0	0	0	4	0	0	0	0	0	0	0	0	0	0	28	17	0	0	0	1	0	0
input/NOS/TRE_R65-AgregatCategorieEtablissement-FHIR.json	58626	4	0	0	0	0	0	0	2	7	0	0	0	0	0	0	0	0	0	0	98	30	0	0	0	2	0	0
input/NOS/TRE_R66-CategorieEtablissement-FHIR.json	229777	12	0	0	0	0	0	0	4	25	0	0	0	0	0	0	0	2	0	0	265	84	0	0	0	13	0	2
input/NOS/TRE_R67-TypeStructure-EJ-EG-FHIR.json	2391	2	0	0	0	0	0	0	1	3	0	0	0	0	0	0	0	0	0	0	13	15	0	0	0	0	0	0
input/NOS/TRE_R68-FinessAgregatStatutJuridiqueNiv1-FHIR.json	3150	2	0	0	1	0	0	0	0	3	0	0	0	0	0	0	0	0	0	0	13	15	0	0	0	0	0	0
input/NOS/TRE_R69-FinessAgregatStatutJuridiqueNiv2-FHIR.json	4499	2	0	0	0	0	0	0	0	2	0	0	0	0	0	0	0	0	0	0	14	15	0	0	0	0	0	0
input/NOS/TRE_R70-FinessAgregatStatutJuridique-FHIR.json	15503	2	0	0	0	0	0	0	0	4	0	0	0	0	0	0	0	0	0	0	26	18	0	0	0	1	0	0
input/NOS/TRE_R72-FinessStatutJuridique-FHIR.json	54645	4	0	0	0	0	0	0	1	7	0	0	0	0	0	0	0	1	0	0	69	30	0	0	0	2	0	0
input/NOS/TRE_R73-ESPIC-FHIR.json	6899	3	0	0	0	0	0	0	0	3	0	0	0	0	0	0	0	0	0	0	15	16	0	0	0	1	0	0
input/NOS/TRE_R74-ModeFixationTarifaire-FHIR.json	37492	3	0	0	0	0	0	0	1	5	0	0	0	0	0	0	0	0	0	0	127	24	0	0	0	1	0	0
input/NOS/TRE_R75-InseeNAFrev2Niveau5-FHIR.json	492233	26	0	0	1	0	0	0	10	64	0	0	0	0	0	0	0	3	0	0	563	166	0	0	0	24	0	2
input/NOS/TRE_R78-ProfilAccesReferentiel-FHIR.json	18871	3	0	0	0	0	0	0	1	5	0	0	0	0	0	0	0	0	0	0	30	21	0	0	0	1	0	0
input/NOS/TRE_R81-Civilite-FHIR.json	2951	2	0	0	0	0	0	0	0	3	0	0	0	0	0	0	0	0	0	0	12	15	0	0	0	1	0	0
input/NOS/TRE_R82-Ordre-FHIR.json	5466	2	0	0	0	0	0	0	66	2	0	0	0	0	0	0	0	0	0	0	20	16	0	0	0	0	0	0
input/NOS/TRE_R84-ProfilAccesAnnuaire-MSSante-FHIR.json	1796	1	0	0	0	0	0	0	0	3	0	0	0	0	0	0	0	0	0	0	15	15	0	0	0	0	0	0
input/NOS/TRE_R85-RolePriseCharge-FHIR.json	53356	4	0	0	0	0	0	0	2	8	0	0	0	0	0	0	0	1	0	0	71	30	0	0	0	2	0	1
input/NOS/TRE_R86-ProfilVIHF-FHIR.json	3736	2	0	0	1	0	0	0	0	2	0	0	0	0	0	0	0	0	0	0	13	15	0	0	0	1	0	0
input/NOS/TRE_R87-TypeCarte-FHIR.json	3740	2	0	0	0	0	0	0	0	3	0	0	0	0	0	0	0	0	0	0	15	15	0	0	0	0	0	0
input/NOS/TRE_R88-TerritoireSante-FHIR.json	84143	6	0	0	0	0	0	0	3	9	0	0	0	0	0	0	0	0	0	0	95	39	0	0	0	3	0	0
input/NOS/TRE_R89-RegroupementPays-FHIR.json	2963	2	0	0	0	0	0	0	0	3	0	0	0	0	0	0	0	0	0	0	14	15	0	0	0	1	0	0
input/NOS/TRE_R90-TypeAE-FHIR.json	2845	1	0	0	0	0	0	0	0	2	0	0	0	0	0	0	0	0	0	0	11	14	0	0	0	0	0	0
input/NOS/TRE_R94-ProfessionSocial-FHIR.json	20733	61	0	0	0	0	0	0	1	4	0	0	0	0	0	0	0	1	0	0	35	19	0	0	0	1	0	0
input/NOS/TRE_R95-UsagerTitre-FHIR.json	7945	3	0	0	0	0	0	0	0	3	0	0	0	0	0	0	0	0	0	0	16	17	0	0	0	0	0	0
input/NOS/TRE_R96-AutreFonctionSanitaire-FHIR.json	8280	3	0	0	1	0	0	0	1	3	0	0	0	0	0	0	0	0	0	0	20	17	0	0	0	0	0	0
input/NOS/TRE_R97-DroitExerciceCompl-FHIR.json	17323	2	0	0	0	0	0	0	3	4	0	0	0	0	0	0	0	0	0	0	27	18	0	0	0	1	0	0
